TC_ID,구번호(시나리오.md),1Depth,2Depth,3Depth,TO-BE DEV 결과,결함등급,자동화,파일,항목명,비고
VC_TC_001,VC_TC_001,VOC 로그인,,,PASS,,기존,00_로그인_대시보드/login-dashboard.json,"VC_TC_001~003,005 로그인 화면 플레이스홀더·아이디저장·오류메시지·정상 로그인",
VC_TC_002,VC_TC_002,VOC 로그인,,,PASS,,미작성,,,
VC_TC_003,VC_TC_003,VOC 로그인,,,PASS,,미작성,,,
VC_TC_004,VC_TC_004,VOC 로그인,,,PASS,,미작성,,,
VC_TC_005,VC_TC_005,VOC 로그인,,,PASS,,미작성,,,
VC_TC_006,VC_TC_006,VOC 로그인,,,PASS,,미작성,,,
VC_TC_007,VC_TC_007,홈 대시보드,,,FAIL,Minor,결함회귀,09_결함회귀_260916/01_대시보드_VOC업무.json,VC_TC_007 [Minor] 홈 대시보드 KPI 평균통화시간 표시 형식(00분 00초),기존 시나리오에도 있음: 00_로그인_대시보드/login-dashboard.json
VC_TC_008,VC_TC_008,홈 대시보드,,,PASS,,기존,00_로그인_대시보드/login-dashboard.json,"VC_TC_008~011,013 KPI·유형별·Vital Few·채널별 수치 표시",
VC_TC_009,VC_TC_009,홈 대시보드,,,,,미작성,,,
VC_TC_010,VC_TC_010,홈 대시보드,,,,,미작성,,,
VC_TC_011,VC_TC_011,홈 대시보드,,,,,미작성,,,
VC_TC_012,VC_TC_012,홈 대시보드,,,PASS,,미작성,,,
VC_TC_013,VC_TC_013,홈 대시보드,,,,,미작성,,,
VC_TC_014,VC_TC_014,홈 대시보드,,,,,기존,00_로그인_대시보드/login-dashboard.json,VC_TC_014 월별 접수현황 일단위 막대 그래프 렌더,
VC_TC_015,VC_TC_015,홈 대시보드,,,,,미작성,,,
VC_TC_016,VC_TC_016,홈 대시보드,,,,,미작성,,,
VC_TC_017,VC_TC_017,홈 대시보드,,,,,미작성,,,
VC_TC_018,VC_TC_018,VOC 업무,,,PASS,,기존,01_VOC업무/voc-register.json,"VC_TC_018,019 VOC 등록 화면 진입 (고객정보·VOC 접수정보·VOC 접수내용·업무요청/공유 없음·등록 버튼)",
VC_TC_019,VC_TC_019,VOC 업무,VOC등록,,PASS,,미작성,,,
VC_TC_020,VC_TC_020,VOC 업무,VOC등록,고객정보,PASS,,기존,01_VOC업무/voc-register.json,"VC_TC_020,043,094 섹션 타이틀 클릭 → 항목 접힘/다시 펼침 (고객정보·접수정보·접수내용)",
VC_TC_021,VC_TC_021,VOC 업무,VOC등록,고객정보,PASS,,기존,01_VOC업무/voc-register.json,"VC_TC_021,022,044 고객정보·VOC 접수정보 항목 구성 (라벨·입력창·고객메모 라벨형·Risk/악성 VOC 체크박스)",
VC_TC_022,VC_TC_022,VOC 업무,VOC등록,고객정보,PASS,,미작성,,,
VC_TC_023,VC_TC_023,VOC 업무,VOC등록,고객정보,,,미작성,,,
VC_TC_024,VC_TC_024,VOC 업무,VOC등록,고객정보,,,기존,01_VOC업무/voc-register.json,"VC_TC_024,027,030 비회원 연락처/아이디 검색 → 고객 검색 팝업 자동 닫힘 + 비회원 체크 + 회원 항목 비활성",
VC_TC_025,VC_TC_025,VOC 업무,VOC등록,고객정보,,,미작성,,,
VC_TC_026,VC_TC_026,VOC 업무,VOC등록,고객정보,PASS,,미작성,,,
VC_TC_027,VC_TC_027,VOC 업무,VOC등록,고객정보,,,미작성,,,
VC_TC_028,VC_TC_028,VOC 업무,VOC등록,고객정보,,,미작성,,,
VC_TC_029,VC_TC_029,VOC 업무,VOC등록,고객정보,,,미작성,,,
VC_TC_030,VC_TC_030,VOC 업무,VOC등록,고객정보,,,미작성,,,
VC_TC_031,VC_TC_031,VOC 업무,VOC등록,고객정보,,,미작성,,,
VC_TC_032,VC_TC_032,VOC 업무,VOC등록,고객정보,,,미작성,,,
VC_TC_033,VC_TC_033,VOC 업무,VOC등록,고객정보,PASS,,미작성,,,
VC_TC_034,VC_TC_034,VOC 업무,VOC등록,고객정보,PASS,,기존,01_VOC업무/voc-register.json,"VC_TC_034,093 비회원 체크 → 아이디 입력창 비활성(readonly)·검색 아이콘 숨김 / Risk VOC·악성 VOC 체크·해제",
VC_TC_035,VC_TC_035,VOC 업무,VOC등록,고객정보,PASS,,미작성,,,
VC_TC_036,VC_TC_036,VOC 업무,VOC등록,고객정보,PASS,,기존,01_VOC업무/voc-register.json,"VC_TC_036,037,039,040 사이렌 이력·VOC 이력 팝업 — 시작일>종료일 검색 알림, 정상 기간 검색",
VC_TC_037,VC_TC_037,VOC 업무,VOC등록,고객정보,PASS,,미작성,,,
VC_TC_038,VC_TC_038,VOC 업무,VOC등록,고객정보,PASS,,미작성,,,
VC_TC_039,VC_TC_039,VOC 업무,VOC등록,고객정보,PASS,,미작성,,,
VC_TC_040,VC_TC_040,VOC 업무,VOC등록,고객정보,PASS,,미작성,,,
VC_TC_041,VC_TC_041,VOC 업무,VOC등록,고객정보,PASS,,기존,01_VOC업무/voc-register.json,"VC_TC_041,042,079,095 입력 문자(한글/숫자/특수/한자) 허용 및 결제정보 30자 제한 속성, 고객정보 초기화",
VC_TC_042,VC_TC_042,VOC 업무,VOC등록,고객정보,PASS,,미작성,,,
VC_TC_043,VC_TC_043,VOC 업무,VOC등록,VOC 접수정보,PASS,,미작성,,,
VC_TC_044,VC_TC_044,VOC 업무,VOC등록,VOC 접수정보,PASS,,미작성,,,
VC_TC_045,VC_TC_045,VOC 업무,VOC등록,VOC 접수정보,PASS,,기존,01_VOC업무/voc-register.json,VC_TC_045~050 채널·고객센터·문의유형 라디오 단일 선택 + 채널별 고객센터 활성/하단 체크박스 표시 제어,
VC_TC_046,VC_TC_046,VOC 업무,VOC등록,VOC 접수정보,PASS,,미작성,,,
VC_TC_047,VC_TC_047,VOC 업무,VOC등록,VOC 접수정보,PASS,,미작성,,,
VC_TC_048,VC_TC_048,VOC 업무,VOC등록,VOC 접수정보,PASS,,미작성,,,
VC_TC_049,VC_TC_049,VOC 업무,VOC등록,VOC 접수정보,PASS,,미작성,,,
VC_TC_050,VC_TC_050,VOC 업무,VOC등록,VOC 접수정보,PASS,,미작성,,,
VC_TC_051,VC_TC_051,VOC 업무,VOC등록,VOC 접수정보,PASS,,기존,01_VOC업무/voc-register.json,"VC_TC_051~055 분류 대/중/소 셀렉트 항목·연동 (대분류 항목 목록, 상위 미선택 시 하위 미출력)",
VC_TC_052,VC_TC_052,VOC 업무,VOC등록,VOC 접수정보,PASS,,미작성,,,
VC_TC_053,VC_TC_053,VOC 업무,VOC등록,VOC 접수정보,PASS,,미작성,,,
VC_TC_054,VC_TC_054,VOC 업무,VOC등록,VOC 접수정보,PASS,,미작성,,,
VC_TC_055,VC_TC_055,VOC 업무,VOC등록,VOC 접수정보,PASS,,미작성,,,
VC_TC_056,VC_TC_056,VOC 업무,VOC등록,VOC 접수정보,PASS,,기존,01_VOC업무/voc-register.json,"VC_TC_056~058 분류 자동완성 입력창 (유효 키워드 → 목록 표시, 비유효 → 미표시, 선택 → 대/중/소 자동 입력)",
VC_TC_057,VC_TC_057,VOC 업무,VOC등록,VOC 접수정보,FAIL,Minor,결함회귀,09_결함회귀_260916/01_대시보드_VOC업무.json,VC_TC_057 [Minor] VOC등록 분류 자동완성 드롭다운이 하위 영역에 가려지지 않는지,
VC_TC_058,VC_TC_058,VOC 업무,VOC등록,VOC 접수정보,FAIL,Major,결함회귀,09_결함회귀_260916/01_대시보드_VOC업무.json,VC_TC_058 [Major] VOC등록 분류 자동완성 선택 → 대·중·소분류 자동 입력,
VC_TC_059,VC_TC_059,VOC 업무,VOC등록,VOC 접수정보,PASS,,기존,01_VOC업무/voc-register.json,"VC_TC_059,060 방문일 달력 아이콘 → 캘린더(오늘 기준) 표시, 날짜 선택 → 방문일 입력",
VC_TC_060,VC_TC_060,VOC 업무,VOC등록,VOC 접수정보,PASS,,미작성,,,
VC_TC_061,VC_TC_061,VOC 업무,VOC등록,VOC 접수정보,PASS,,미작성,,,
VC_TC_062,VC_TC_062,VOC 업무,VOC등록,VOC 접수정보,PASS,,기존,01_VOC업무/voc-register.json,"VC_TC_062~064,066 프로모션 팝업 — 미입력 전체 검색·키워드 검색·페이징 영역·더블클릭 선택",
VC_TC_063,VC_TC_063,VOC 업무,VOC등록,VOC 접수정보,PASS,,미작성,,,
VC_TC_064,VC_TC_064,VOC 업무,VOC등록,VOC 접수정보,PASS,,미작성,,,
VC_TC_065,VC_TC_065,VOC 업무,VOC등록,VOC 접수정보,PASS,,미작성,,,
VC_TC_066,VC_TC_066,VOC 업무,VOC등록,VOC 접수정보,PASS,,미작성,,,
VC_TC_067,VC_TC_067,VOC 업무,VOC등록,VOC 접수정보,PASS,,미작성,,,
VC_TC_068,VC_TC_068,VOC 업무,VOC등록,VOC 접수정보,PASS,,기존,01_VOC업무/voc-register.json,"VC_TC_068~070,073 부서검색 팝업 — 부서 미입력 필수 알림·폐점미포함 체크/해제 검색·조직도 버튼",
VC_TC_069,VC_TC_069,VOC 업무,VOC등록,VOC 접수정보,,,미작성,,,
VC_TC_070,VC_TC_070,VOC 업무,VOC등록,VOC 접수정보,,,미작성,,,
VC_TC_071,VC_TC_071,VOC 업무,VOC등록,VOC 접수정보,,,기존,01_VOC업무/voc-register.json,"VC_TC_071,072 부서검색 팝업 — '서초 지역'(매장 아님) 선택 시 알림, 매장 선택 [확인] → 방문매장 입력",
VC_TC_072,VC_TC_072,VOC 업무,VOC등록,VOC 접수정보,,,미작성,,,
VC_TC_073,VC_TC_073,VOC 업무,VOC등록,VOC 접수정보,,,미작성,,,
VC_TC_074,VC_TC_074,VOC 업무,VOC등록,VOC 접수정보,PASS,,미작성,,,
VC_TC_075,VC_TC_075,VOC 업무,VOC등록,VOC 접수정보,PASS,,기존,01_VOC업무/voc-register.json,VC_TC_075~078 이벤트 팝업 — 미입력 전체 검색(컬럼)·키워드 검색·페이징 영역·더블클릭 선택,
VC_TC_076,VC_TC_076,VOC 업무,VOC등록,VOC 접수정보,PASS,,미작성,,,
VC_TC_077,VC_TC_077,VOC 업무,VOC등록,VOC 접수정보,PASS,,미작성,,,
VC_TC_078,VC_TC_078,VOC 업무,VOC등록,VOC 접수정보,PASS,,미작성,,,
VC_TC_079,VC_TC_079,VOC 업무,VOC등록,VOC 접수정보,PASS,,미작성,,,
VC_TC_080,VC_TC_080,VOC 업무,VOC등록,VOC 접수정보,PASS,,미작성,,,
VC_TC_081,VC_TC_081,VOC 업무,VOC등록,VOC 접수정보,PASS,,기존,01_VOC업무/voc-register.json,"VC_TC_081~087,089,090,092 제품/상품 팝업 — 전체 검색(컬럼·페이징)·카테고리 항목/연동·Sku/제품명 검색·1개/2개 선택 [확인]·- 버튼 삭제",
VC_TC_082,VC_TC_082,VOC 업무,VOC등록,VOC 접수정보,PASS,,미작성,,,
VC_TC_083,VC_TC_083,VOC 업무,VOC등록,VOC 접수정보,PASS,,미작성,,,
VC_TC_084,VC_TC_084,VOC 업무,VOC등록,VOC 접수정보,PASS,,미작성,,,
VC_TC_085,VC_TC_085,VOC 업무,VOC등록,VOC 접수정보,PASS,,미작성,,,
VC_TC_086,VC_TC_086,VOC 업무,VOC등록,VOC 접수정보,PASS,,미작성,,,
VC_TC_087,VC_TC_087,VOC 업무,VOC등록,VOC 접수정보,PASS,,미작성,,,
VC_TC_088,,VOC 업무,VOC등록,VOC 접수정보,PASS,,미작성,,,260916 신규 추가 TC(시나리오.md 에 없음).
VC_TC_089,VC_TC_088,VOC 업무,VOC등록,VOC 접수정보,PASS,,미작성,,,
VC_TC_090,VC_TC_089,VOC 업무,VOC등록,VOC 접수정보,PASS,,미작성,,,
VC_TC_091,VC_TC_090,VOC 업무,VOC등록,VOC 접수정보,PASS,,미작성,,,
VC_TC_092,VC_TC_091,VOC 업무,VOC등록,VOC 접수정보,PASS,,미작성,,,
VC_TC_093,VC_TC_092,VOC 업무,VOC등록,VOC 접수정보,PASS,,미작성,,,
VC_TC_094,VC_TC_093,VOC 업무,VOC등록,VOC 접수내용,PASS,,미작성,,,
VC_TC_095,VC_TC_094,VOC 업무,VOC등록,VOC 접수내용,PASS,,미작성,,,
VC_TC_096,VC_TC_095,VOC 업무,VOC등록,VOC 접수내용,PASS,,기존,01_VOC업무/voc-register.json,"VC_TC_096,097 내용 입력 허용 문자 및 한글 2500자 초과 시 알림",
VC_TC_097,VC_TC_096,VOC 업무,VOC등록,VOC 접수내용,PASS,,미작성,,,
VC_TC_098,VC_TC_097,VOC 업무,VOC등록,VOC 접수내용,PASS,,미작성,,,
VC_TC_099,VC_TC_098,VOC 업무,VOC등록,VOC 접수내용,FAIL,Major,결함회귀,09_결함회귀_260916/01_대시보드_VOC업무.json,VC_TC_099 [Major] VOC등록 첨부파일 업로드 → 우측에 파일명 표시,
VC_TC_100,VC_TC_099,VOC 업무,VOC등록,VOC 접수내용,,,미작성,,,
VC_TC_101,VC_TC_100,VOC 업무,VOC등록,등록,PASS,,미작성,,,
VC_TC_102,VC_TC_101,VOC 업무,VOC등록,등록,PASS,,미작성,,,
VC_TC_103,VC_TC_102,VOC 업무,VOC등록,등록,PASS,,미작성,,,
VC_TC_104,VC_TC_103,VOC 업무,VOC등록,등록,PASS,,미작성,,,
VC_TC_105,VC_TC_104,VOC 업무,VOC등록,등록,PASS,,미작성,,,
VC_TC_106,VC_TC_105,VOC 업무,VOC등록,등록,PASS,,미작성,,,
VC_TC_107,VC_TC_106,VOC 업무,VOC등록,VOC 상세,,,미작성,,,
VC_TC_108,VC_TC_107,VOC 업무,VOC등록,VOC 상세,,,미작성,,,
VC_TC_109,VC_TC_108,VOC 업무,VOC등록,VOC 상세,,,미작성,,,
VC_TC_110,VC_TC_109,VOC 업무,VOC등록,VOC 상세,,,미작성,,,
VC_TC_111,VC_TC_110,VOC 업무,VOC등록,VOC 상세,,,미작성,,,
VC_TC_112,VC_TC_111,VOC 업무,전체 VOC,,PASS,,기존,01_VOC업무/voc-all-list.json,"VC_TC_112,237,241 전체 VOC 화면 구성·검색결과 목록·상세 진입",
VC_TC_113,VC_TC_112,VOC 업무,전체 VOC,등록일,,,기존,01_VOC업무/voc-all-list.json,"VC_TC_113,114 등록일 구분 항목(등록일/답변일/처리완료일)·기본 기간(7일 전~오늘)",
VC_TC_114,VC_TC_113,VOC 업무,전체 VOC,등록일,,,미작성,,,
VC_TC_115,VC_TC_114,VOC 업무,전체 VOC,등록일,,,기존,01_VOC업무/voc-all-list.json,VC_TC_115~117 등록일/답변일/처리완료일 구분 검색 결과(정렬·답변여부Y·처리완료),
VC_TC_116,VC_TC_115,VOC 업무,전체 VOC,등록일,,,미작성,,,
VC_TC_117,VC_TC_116,VOC 업무,전체 VOC,등록일,,,미작성,,,
VC_TC_118,VC_TC_117,VOC 업무,전체 VOC,등록일,,,기존,01_VOC업무/voc-all-list.json,VC_TC_118~120 등록일/답변일/처리완료일 종료일이 시작일보다 이전 → 알림,
VC_TC_119,VC_TC_118,VOC 업무,전체 VOC,등록일,,,미작성,,,
VC_TC_120,VC_TC_119,VOC 업무,전체 VOC,등록일,,,미작성,,,
VC_TC_121,VC_TC_120,VOC 업무,전체 VOC,진행단계,,,기존,01_VOC업무/voc-all-list.json,VC_TC_121~125 진행단계 항목·필터(전체/접수대기/처리중/처리완료),
VC_TC_122,VC_TC_121,VOC 업무,전체 VOC,진행단계,,,미작성,,,
VC_TC_123,VC_TC_122,VOC 업무,전체 VOC,진행단계,,,미작성,,,
VC_TC_124,VC_TC_123,VOC 업무,전체 VOC,진행단계,,,미작성,,,
VC_TC_125,VC_TC_124,VOC 업무,전체 VOC,진행단계,,,미작성,,,
VC_TC_126,VC_TC_125,VOC 업무,전체 VOC,채널,,,기존,01_VOC업무/voc-all-list.json,VC_TC_126~128 채널 체크 필터(1개/2개 이상/전체),
VC_TC_127,VC_TC_126,VOC 업무,전체 VOC,채널,,,미작성,,,
VC_TC_128,VC_TC_127,VOC 업무,전체 VOC,채널,,,미작성,,,
VC_TC_129,VC_TC_128,VOC 업무,전체 VOC,문의유형,,,기존,01_VOC업무/voc-all-list.json,VC_TC_129~134 문의유형 항목·필터(전체/칭찬/제안/불만/문의),
VC_TC_130,VC_TC_129,VOC 업무,전체 VOC,문의유형,,,미작성,,,
VC_TC_131,VC_TC_130,VOC 업무,전체 VOC,문의유형,,,미작성,,,
VC_TC_132,VC_TC_131,VOC 업무,전체 VOC,문의유형,,,미작성,,,
VC_TC_133,VC_TC_132,VOC 업무,전체 VOC,문의유형,,,미작성,,,
VC_TC_134,VC_TC_133,VOC 업무,전체 VOC,문의유형,,,미작성,,,
VC_TC_135,VC_TC_134,VOC 업무,전체 VOC,고객센터,,,기존,01_VOC업무/voc-all-list.json,VC_TC_135~138 고객센터 항목·필터(전체/대표번호/딜리버스),
VC_TC_136,VC_TC_135,VOC 업무,전체 VOC,고객센터,,,미작성,,,
VC_TC_137,VC_TC_136,VOC 업무,전체 VOC,고객센터,,,미작성,,,
VC_TC_138,VC_TC_137,VOC 업무,전체 VOC,고객센터,,,미작성,,,
VC_TC_139,VC_TC_138,VOC 업무,전체 VOC,접수자,,,미작성,,,
VC_TC_140,VC_TC_139,VOC 업무,전체 VOC,접수자,,,기존,01_VOC업무/voc-all-list.json,"VC_TC_140~146,148~150 파트너검색 팝업(부서검색·조직도·파트너찾기·미선택 알림·선택 반영)",
VC_TC_141,VC_TC_140,VOC 업무,전체 VOC,접수자,,,미작성,,,
VC_TC_142,VC_TC_141,VOC 업무,전체 VOC,접수자,,,미작성,,,
VC_TC_143,VC_TC_142,VOC 업무,전체 VOC,접수자,,,미작성,,,
VC_TC_144,VC_TC_143,VOC 업무,전체 VOC,접수자,,,미작성,,,
VC_TC_145,VC_TC_144,VOC 업무,전체 VOC,접수자,,,미작성,,,
VC_TC_146,VC_TC_145,VOC 업무,전체 VOC,접수자,,,미작성,,,
VC_TC_147,VC_TC_146,VOC 업무,전체 VOC,접수자,,,미작성,,,
VC_TC_148,VC_TC_147,VOC 업무,전체 VOC,접수자,,,미작성,,,
VC_TC_149,VC_TC_148,VOC 업무,전체 VOC,접수자,,,미작성,,,
VC_TC_150,VC_TC_149,VOC 업무,전체 VOC,접수자,,,미작성,,,
VC_TC_151,VC_TC_150,VOC 업무,전체 VOC,분류,,,기존,01_VOC업무/voc-all-list.json,"VC_TC_151~165,167 분류 자동완성·대/중/소 연동·추가/중복/레벨 알림·삭제",
VC_TC_152,VC_TC_151,VOC 업무,전체 VOC,분류,,,미작성,,,
VC_TC_153,VC_TC_152,VOC 업무,전체 VOC,분류,,,미작성,,,
VC_TC_154,VC_TC_153,VOC 업무,전체 VOC,분류,,,미작성,,,
VC_TC_155,VC_TC_154,VOC 업무,전체 VOC,분류,,,미작성,,,
VC_TC_156,VC_TC_155,VOC 업무,전체 VOC,분류,,,미작성,,,
VC_TC_157,VC_TC_156,VOC 업무,전체 VOC,분류,,,미작성,,,
VC_TC_158,VC_TC_157,VOC 업무,전체 VOC,분류,,,미작성,,,
VC_TC_159,VC_TC_158,VOC 업무,전체 VOC,분류,,,미작성,,,
VC_TC_160,VC_TC_159,VOC 업무,전체 VOC,분류,,,미작성,,,
VC_TC_161,VC_TC_160,VOC 업무,전체 VOC,분류,,,미작성,,,
VC_TC_162,VC_TC_161,VOC 업무,전체 VOC,분류,,,미작성,,,
VC_TC_163,VC_TC_162,VOC 업무,전체 VOC,분류,,,미작성,,,
VC_TC_164,VC_TC_163,VOC 업무,전체 VOC,분류,,,미작성,,,
VC_TC_165,VC_TC_164,VOC 업무,전체 VOC,분류,,,미작성,,,
VC_TC_166,VC_TC_165,VOC 업무,전체 VOC,분류,,,미작성,,,
VC_TC_167,VC_TC_166,VOC 업무,전체 VOC,분류,,,미작성,,,
VC_TC_168,VC_TC_167,VOC 업무,전체 VOC,방문매장,,,미작성,,,
VC_TC_169,VC_TC_168,VOC 업무,전체 VOC,방문매장,,,기존,01_VOC업무/voc-all-list.json,"VC_TC_169~174,182,183 부서검색 팝업(필수 알림·폐점미포함·매장 아님 알림·조직도·선택 반영·주관부서)",
VC_TC_170,VC_TC_169,VOC 업무,전체 VOC,방문매장,,,미작성,,,
VC_TC_171,VC_TC_170,VOC 업무,전체 VOC,방문매장,,,미작성,,,
VC_TC_172,VC_TC_171,VOC 업무,전체 VOC,방문매장,,,미작성,,,
VC_TC_173,VC_TC_172,VOC 업무,전체 VOC,방문매장,,,미작성,,,
VC_TC_174,VC_TC_173,VOC 업무,전체 VOC,방문매장,,,미작성,,,
VC_TC_175,VC_TC_174,VOC 업무,전체 VOC,프로모션명,,,미작성,,,
VC_TC_176,VC_TC_175,VOC 업무,전체 VOC,프로모션명,,,기존,01_VOC업무/voc-all-list.json,"VC_TC_176~179,181 프로모션 목록 팝업(키워드/비유효/사용여부 항목/전체 검색/더블클릭 선택)",
VC_TC_177,VC_TC_176,VOC 업무,전체 VOC,프로모션명,,,미작성,,,
VC_TC_178,VC_TC_177,VOC 업무,전체 VOC,프로모션명,,,미작성,,,
VC_TC_179,VC_TC_178,VOC 업무,전체 VOC,프로모션명,,,미작성,,,
VC_TC_180,VC_TC_179,VOC 업무,전체 VOC,프로모션명,,,미작성,,,
VC_TC_181,VC_TC_180,VOC 업무,전체 VOC,프로모션명,,,미작성,,,
VC_TC_182,VC_TC_181,VOC 업무,전체 VOC,주관부서,,,미작성,,,
VC_TC_183,VC_TC_182,VOC 업무,전체 VOC,주관부서,,,미작성,,,
VC_TC_184,VC_TC_183,VOC 업무,전체 VOC,이벤트명,,,미작성,,,
VC_TC_185,VC_TC_184,VOC 업무,전체 VOC,이벤트명,,,기존,01_VOC업무/voc-all-list.json,"VC_TC_185~188,190 이벤트 목록 팝업(키워드/비유효/상태 항목/전체 검색/더블클릭 선택)",
VC_TC_186,VC_TC_185,VOC 업무,전체 VOC,이벤트명,,,미작성,,,
VC_TC_187,VC_TC_186,VOC 업무,전체 VOC,이벤트명,,,미작성,,,
VC_TC_188,VC_TC_187,VOC 업무,전체 VOC,이벤트명,,,미작성,,,
VC_TC_189,VC_TC_188,VOC 업무,전체 VOC,이벤트명,,,미작성,,,
VC_TC_190,VC_TC_189,VOC 업무,전체 VOC,이벤트명,,,미작성,,,
VC_TC_191,VC_TC_190,VOC 업무,전체 VOC,제품명,,,미작성,,,
VC_TC_192,VC_TC_191,VOC 업무,전체 VOC,제품명,,,기존,01_VOC업무/voc-all-list.json,"VC_TC_192~196,199,201~207 제품/상품 목록 팝업(카테고리 연동·검색·Rows/Page 항목·SKU·제품명·단종제외·선택 반영)",
VC_TC_193,VC_TC_192,VOC 업무,전체 VOC,제품명,,,미작성,,,
VC_TC_194,VC_TC_193,VOC 업무,전체 VOC,제품명,,,미작성,,,
VC_TC_195,VC_TC_194,VOC 업무,전체 VOC,제품명,,,미작성,,,
VC_TC_196,VC_TC_195,VOC 업무,전체 VOC,제품명,,,미작성,,,
VC_TC_197,VC_TC_196,VOC 업무,전체 VOC,제품명,,,미작성,,,
VC_TC_198,VC_TC_197,VOC 업무,전체 VOC,제품명,,,미작성,,,
VC_TC_199,VC_TC_198,VOC 업무,전체 VOC,제품명,,,미작성,,,
VC_TC_200,VC_TC_199,VOC 업무,전체 VOC,제품명,,,미작성,,,
VC_TC_201,VC_TC_200,VOC 업무,전체 VOC,제품명,,,미작성,,,
VC_TC_202,VC_TC_201,VOC 업무,전체 VOC,제품명,,,미작성,,,
VC_TC_203,VC_TC_202,VOC 업무,전체 VOC,제품명,,,미작성,,,
VC_TC_204,VC_TC_203,VOC 업무,전체 VOC,제품명,,,미작성,,,
VC_TC_205,VC_TC_204,VOC 업무,전체 VOC,제품명,,,미작성,,,
VC_TC_206,VC_TC_205,VOC 업무,전체 VOC,제품명,,,미작성,,,
VC_TC_207,VC_TC_206,VOC 업무,전체 VOC,제품명,,,미작성,,,
VC_TC_208,VC_TC_207,VOC 업무,전체 VOC,답변진행,,,기존,01_VOC업무/voc-all-list.json,VC_TC_208~214 답변진행 항목·필터(답변/미답변)·시간 초과 라디오(분홍 강조),
VC_TC_209,VC_TC_208,VOC 업무,전체 VOC,답변진행,,,미작성,,,
VC_TC_210,VC_TC_209,VOC 업무,전체 VOC,답변진행,,,미작성,,,
VC_TC_211,VC_TC_210,VOC 업무,전체 VOC,답변진행,,,미작성,,,
VC_TC_212,VC_TC_211,VOC 업무,전체 VOC,답변진행,,,미작성,,,
VC_TC_213,VC_TC_212,VOC 업무,전체 VOC,답변진행,,,미작성,,,
VC_TC_214,VC_TC_213,VOC 업무,전체 VOC,답변진행,,,미작성,,,
VC_TC_215,VC_TC_214,VOC 업무,전체 VOC,검색,,,기존,01_VOC업무/voc-all-list.json,VC_TC_215~217 검색 구분 항목·VOC번호/제목 키워드 검색,
VC_TC_216,VC_TC_215,VOC 업무,전체 VOC,검색,,,미작성,,,
VC_TC_217,VC_TC_216,VOC 업무,전체 VOC,검색,,,미작성,,,
VC_TC_218,VC_TC_217,VOC 업무,전체 VOC,검색,,,기존,01_VOC업무/voc-all-list.json,VC_TC_218~225 검색 구분 내용/답변/제목+내용/제목+내용+답변/고객ID/고객명/고객연락처/4자리 키워드 검색(오류 없음),
VC_TC_219,VC_TC_218,VOC 업무,전체 VOC,검색,,,미작성,,,
VC_TC_220,VC_TC_219,VOC 업무,전체 VOC,검색,,,미작성,,,
VC_TC_221,VC_TC_220,VOC 업무,전체 VOC,검색,,,미작성,,,
VC_TC_222,VC_TC_221,VOC 업무,전체 VOC,검색,,,미작성,,,
VC_TC_223,VC_TC_222,VOC 업무,전체 VOC,검색,,,미작성,,,
VC_TC_224,VC_TC_223,VOC 업무,전체 VOC,검색,,,미작성,,,
VC_TC_225,VC_TC_224,VOC 업무,전체 VOC,검색,,,미작성,,,
VC_TC_226,VC_TC_225,VOC 업무,전체 VOC,회신여부,,,기존,01_VOC업무/voc-all-list.json,VC_TC_226~229 회신여부/업무요청여부/공유여부/만족도참여여부 체크 검색,
VC_TC_227,VC_TC_226,VOC 업무,전체 VOC,업무요청여부,,,미작성,,,
VC_TC_228,VC_TC_227,VOC 업무,전체 VOC,공유여부,,,미작성,,,
VC_TC_229,VC_TC_228,VOC 업무,전체 VOC,만족도참여여부,,,미작성,,,
VC_TC_230,VC_TC_229,VOC 업무,전체 VOC,엑셀다운로드,,,미작성,,,
VC_TC_231,VC_TC_230,VOC 업무,전체 VOC,엑셀다운로드,,,기존,01_VOC업무/voc-all-list.json,VC_TC_231~233 엑셀다운로드 레이어 전체선택 토글·다운로드 링크 생성,
VC_TC_232,VC_TC_231,VOC 업무,전체 VOC,엑셀다운로드,,,미작성,,,
VC_TC_233,VC_TC_232,VOC 업무,전체 VOC,엑셀다운로드,,,미작성,,,
VC_TC_234,VC_TC_233,VOC 업무,전체 VOC,엑셀다운로드,,,미작성,,,
VC_TC_235,VC_TC_234,VOC 업무,전체 VOC,엑셀다운로드,,,미작성,,,
VC_TC_236,VC_TC_235,VOC 업무,전체 VOC,엑셀다운로드,,,미작성,,,
VC_TC_237,VC_TC_236,VOC 업무,전체 VOC,검색 결과,,,기존,01_VOC업무/voc-all-list.json,"VC_TC_237,239,240 검색결과 컬럼 구성·15건/페이지·Rows/Page 항목(15/20/50)·변경 반영",
VC_TC_238,VC_TC_237,VOC 업무,전체 VOC,검색 결과,,,미작성,,,
VC_TC_239,VC_TC_238,VOC 업무,전체 VOC,검색 결과,,,미작성,,,
VC_TC_240,VC_TC_239,VOC 업무,전체 VOC,검색 결과,,,미작성,,,
VC_TC_241,VC_TC_240,VOC 업무,전체 VOC,검색 결과,,,미작성,,,
VC_TC_242,VC_TC_241,VOC 업무,전체 VOC,상세 화면,,,미작성,,,
VC_TC_243,VC_TC_242,VOC 업무,전체 VOC,상세 화면,,,미작성,,,
VC_TC_244,VC_TC_243,VOC 업무,전체 VOC,상세 화면,,,미작성,,,
VC_TC_245,VC_TC_244,VOC 업무,전체 VOC,상세 화면,,,미작성,,,
VC_TC_246,VC_TC_245,VOC 업무,전체 VOC,상세 화면,,,미작성,,,
VC_TC_247,VC_TC_246,VOC 업무,전체 VOC,상세 화면,,,미작성,,,
VC_TC_248,VC_TC_247,VOC 업무,전체 VOC,상세 화면,,,미작성,,,
VC_TC_249,VC_TC_248,VOC 업무,전체 VOC,상세 화면,,,미작성,,,
VC_TC_250,VC_TC_249,VOC 업무,전체 VOC,상세 화면,,,미작성,,,
VC_TC_251,VC_TC_250,VOC 업무,전체 VOC,상세 화면,,,미작성,,,
VC_TC_252,VC_TC_251,VOC 업무,전체 VOC,상세 화면,,,미작성,,,
VC_TC_253,VC_TC_252,VOC 업무,전체 VOC,상세 화면,,,미작성,,,
VC_TC_254,VC_TC_253,VOC 업무,전체 VOC,상세 화면,,,미작성,,,
VC_TC_255,VC_TC_254,VOC 업무,전체 VOC,상세 화면,,,미작성,,,
VC_TC_256,VC_TC_255,VOC 업무,전체 VOC,상세 화면,,,미작성,,,
VC_TC_257,VC_TC_256,VOC 업무,전체 VOC,상세 화면,,,미작성,,,
VC_TC_258,VC_TC_257,VOC 업무,전체 VOC,상세 화면,,,미작성,,,
VC_TC_259,VC_TC_258,VOC 업무,전체 VOC,상세 화면,,,미작성,,,
VC_TC_260,VC_TC_259,VOC 업무,전체 VOC,상세 화면,,,미작성,,,
VC_TC_261,VC_TC_260,VOC 업무,전체 VOC,상세 화면,,,미작성,,,
VC_TC_262,VC_TC_261,VOC 업무,전체 VOC,상세 화면,,,미작성,,,
VC_TC_263,VC_TC_262,VOC 업무,전체 VOC,상세 화면,,,미작성,,,
VC_TC_264,VC_TC_263,VOC 업무,전체 VOC,상세 화면,,,미작성,,,
VC_TC_265,VC_TC_264,VOC 업무,전체 VOC,상세 화면,,,미작성,,,
VC_TC_266,VC_TC_265,VOC 업무,전체 VOC,상세 화면,,,미작성,,,
VC_TC_267,VC_TC_266,VOC 업무,전체 VOC,상세 화면,,,미작성,,,
VC_TC_268,VC_TC_267,VOC 업무,전체 VOC,상세 화면,,,미작성,,,
VC_TC_269,VC_TC_268,VOC 업무,전체 VOC,상세 화면,,,미작성,,,
VC_TC_270,VC_TC_269,VOC 업무,전체 VOC,상세 화면,,,미작성,,,
VC_TC_271,VC_TC_270,VOC 업무,전체 VOC,상세 화면,,,미작성,,,
VC_TC_272,VC_TC_271,VOC 업무,전체 VOC,상세 화면,,,미작성,,,
VC_TC_273,VC_TC_272,VOC 업무,전체 VOC,상세 화면,,,미작성,,,
VC_TC_274,VC_TC_273,VOC 업무,전체 VOC,상세 화면,,,미작성,,,
VC_TC_275,VC_TC_274,VOC 업무,전체 VOC,상세 화면,,,미작성,,,
VC_TC_276,VC_TC_275,VOC 업무,전체 VOC,상세 화면,,,미작성,,,
VC_TC_277,VC_TC_276,VOC 업무,전체 VOC,상세 화면,,,미작성,,,
VC_TC_278,VC_TC_277,VOC 업무,전체 VOC,상세 화면,,,미작성,,,
VC_TC_279,VC_TC_278,VOC 업무,전체 VOC,상세 화면,,,미작성,,,
VC_TC_280,VC_TC_279,VOC 업무,전체 VOC,상세 화면,,,미작성,,,
VC_TC_281,VC_TC_280,VOC 업무,전체 VOC,상세 화면,,,미작성,,,
VC_TC_282,VC_TC_281,VOC 업무,전체 VOC,상세 화면,,,미작성,,,
VC_TC_283,VC_TC_282,VOC 업무,전체 VOC,상세 화면,,,미작성,,,
VC_TC_284,VC_TC_283,VOC 업무,전체 VOC,상세 화면,,,미작성,,,
VC_TC_285,VC_TC_284,VOC 업무,전체 VOC,상세 화면,,,미작성,,,
VC_TC_286,VC_TC_285,VOC 업무,전체 VOC,상세 화면,,,미작성,,,
VC_TC_287,VC_TC_286,VOC 업무,전체 VOC,상세 화면,,,미작성,,,
VC_TC_288,VC_TC_287,VOC 업무,전체 VOC,상세 화면,,,미작성,,,
VC_TC_289,VC_TC_288,VOC 업무,전체 VOC,상세 화면,,,미작성,,,
VC_TC_290,VC_TC_289,VOC 업무,전체 VOC,상세 화면,,,미작성,,,
VC_TC_291,VC_TC_290,VOC 업무,전체 VOC,상세 화면,,,미작성,,,
VC_TC_292,VC_TC_291,VOC 업무,전체 VOC,상세 화면,,,미작성,,,
VC_TC_293,VC_TC_292,VOC 업무,전체 VOC,상세 화면,,,미작성,,,
VC_TC_294,VC_TC_293,VOC 업무,전체 VOC,상세 화면,,,미작성,,,
VC_TC_295,VC_TC_294,VOC 업무,전체 VOC,상세 화면,,,미작성,,,
VC_TC_296,VC_TC_295,VOC 업무,전체 VOC,상세 화면,,,미작성,,,
VC_TC_297,VC_TC_296,VOC 업무,전체 VOC,상세 화면,,,미작성,,,
VC_TC_298,VC_TC_297,VOC 업무,전체 VOC,상세 화면,,,미작성,,,
VC_TC_299,VC_TC_298,VOC 업무,전체 VOC,상세 화면,,,미작성,,,
VC_TC_300,VC_TC_299,VOC 업무,전체 VOC,상세 화면,,,미작성,,,
VC_TC_301,VC_TC_300,VOC 업무,전체 VOC,상세 화면,,,미작성,,,
VC_TC_302,VC_TC_301,VOC 업무,전체 VOC,상세 화면,,,미작성,,,
VC_TC_303,VC_TC_302,VOC 업무,전체 VOC,상세 화면,,,미작성,,,
VC_TC_304,VC_TC_303,VOC 업무,전체 VOC,상세 화면,,,미작성,,,
VC_TC_305,VC_TC_304,VOC 업무,전체 VOC,상세 화면,,,미작성,,,
VC_TC_306,VC_TC_305,VOC 업무,전체 VOC,상세 화면,,,미작성,,,
VC_TC_307,VC_TC_306,VOC 업무,전체 VOC,상세 화면,,,미작성,,,
VC_TC_308,VC_TC_307,VOC 업무,전체 VOC,상세 화면,,,미작성,,,
VC_TC_309,VC_TC_308,VOC 업무,전체 VOC,상세 화면,,,미작성,,,
VC_TC_310,VC_TC_309,VOC 업무,전체 VOC,상세 화면,,,미작성,,,
VC_TC_311,VC_TC_310,VOC 업무,전체 VOC,상세 화면,,,미작성,,,
VC_TC_312,VC_TC_311,VOC 업무,전체 VOC,상세 화면,,,미작성,,,
VC_TC_313,VC_TC_312,VOC 업무,전체 VOC,상세 화면,,,미작성,,,
VC_TC_314,VC_TC_313,VOC 업무,전체 VOC,상세 화면,,,미작성,,,
VC_TC_315,VC_TC_314,VOC 업무,전체 VOC,상세 화면,,,미작성,,,
VC_TC_316,VC_TC_315,VOC 업무,전체 VOC,상세 화면,,,미작성,,,
VC_TC_317,VC_TC_316,VOC 업무,전체 VOC,상세 화면,,,미작성,,,
VC_TC_318,VC_TC_317,VOC 업무,전체 VOC,상세 화면,,,미작성,,,
VC_TC_319,VC_TC_318,VOC 업무,전체 VOC,상세 화면,,,미작성,,,
VC_TC_320,VC_TC_319,VOC 업무,전체 VOC,상세 화면,,,미작성,,,
VC_TC_321,VC_TC_320,VOC 업무,전체 VOC,상세 화면,,,미작성,,,
VC_TC_322,VC_TC_321,VOC 업무,전체 VOC,상세 화면,,,미작성,,,
VC_TC_323,VC_TC_322,VOC 업무,전체 VOC,상세 화면,,,미작성,,,
VC_TC_324,VC_TC_323,VOC 업무,전체 VOC,상세 화면,,,미작성,,,
VC_TC_325,VC_TC_324,VOC 업무,전체 VOC,상세 화면,,,미작성,,,
VC_TC_326,VC_TC_325,VOC 업무,전체 VOC,상세 화면,,,미작성,,,
VC_TC_327,VC_TC_326,VOC 업무,전체 VOC,상세 화면,,,미작성,,,
VC_TC_328,VC_TC_327,VOC 업무,전체 VOC,상세 화면,,,미작성,,,
VC_TC_329,VC_TC_328,VOC 업무,전체 VOC,상세 화면,,,미작성,,,
VC_TC_330,VC_TC_329,VOC 업무,전체 VOC,상세 화면,,,미작성,,,
VC_TC_331,VC_TC_330,VOC 업무,전체 VOC,상세 화면,,,미작성,,,
VC_TC_332,VC_TC_331,VOC 업무,전체 VOC,상세 화면,,,미작성,,,
VC_TC_333,VC_TC_332,VOC 업무,전체 VOC,상세 화면,,,미작성,,,
VC_TC_334,VC_TC_333,VOC 업무,전체 VOC,상세 화면,,,미작성,,,
VC_TC_335,VC_TC_334,VOC 업무,전체 VOC,상세 화면,,,미작성,,,
VC_TC_336,VC_TC_335,VOC 업무,전체 VOC,상세 화면,,,미작성,,,
VC_TC_337,VC_TC_336,VOC 업무,전체 VOC,상세 화면,,,미작성,,,
VC_TC_338,VC_TC_337,VOC 업무,전체 VOC,상세 화면,,,미작성,,,
VC_TC_339,VC_TC_338,VOC 업무,전체 VOC,상세 화면,,,미작성,,,
VC_TC_340,VC_TC_339,VOC 업무,전체 VOC,상세 화면,,,미작성,,,
VC_TC_341,VC_TC_340,VOC 업무,전체 VOC,상세 화면,,,미작성,,,
VC_TC_342,VC_TC_341,VOC 업무,전체 VOC,상세 화면,,,미작성,,,
VC_TC_343,VC_TC_342,VOC 업무,전체 VOC,상세 화면,,,미작성,,,
VC_TC_344,VC_TC_343,VOC 업무,전체 VOC,상세 화면,,,미작성,,,
VC_TC_345,VC_TC_344,VOC 업무,전체 VOC,상세 화면,,,미작성,,,
VC_TC_346,VC_TC_345,VOC 업무,전체 VOC,상세 화면,,,미작성,,,
VC_TC_347,VC_TC_346,VOC 업무,전체 VOC,상세 화면,,,미작성,,,
VC_TC_348,VC_TC_347,VOC 업무,전체 VOC,상세 화면,,,미작성,,,
VC_TC_349,VC_TC_348,VOC 업무,전체 VOC,상세 화면,,,미작성,,,
VC_TC_350,VC_TC_349,VOC 업무,전체 VOC,상세 화면,,,미작성,,,
VC_TC_351,VC_TC_350,VOC 업무,전체 VOC,상세 화면,,,미작성,,,
VC_TC_352,VC_TC_351,VOC 업무,전체 VOC,상세 화면,,,미작성,,,
VC_TC_353,VC_TC_352,VOC 업무,전체 VOC,상세 화면,,,미작성,,,
VC_TC_354,VC_TC_353,VOC 업무,전체 VOC,상세 화면,,,미작성,,,
VC_TC_355,VC_TC_354,VOC 업무,전체 VOC,상세 화면,,,미작성,,,
VC_TC_356,VC_TC_355,VOC 업무,전체 VOC,상세 화면,,,미작성,,,
VC_TC_357,VC_TC_356,VOC 업무,전체 VOC,상세 화면,,,미작성,,,
VC_TC_358,VC_TC_357,VOC 업무,전체 VOC,상세 화면,,,미작성,,,
VC_TC_359,VC_TC_358,VOC 업무,전체 VOC,상세 화면,,,미작성,,,
VC_TC_360,VC_TC_359,VOC 업무,전체 VOC,상세 화면,,,미작성,,,
VC_TC_361,VC_TC_360,VOC 업무,전체 VOC,상세 화면,,,미작성,,,
VC_TC_362,VC_TC_361,VOC 업무,전체 VOC,상세 화면,,,미작성,,,
VC_TC_363,VC_TC_362,VOC 업무,전체 VOC,상세 화면,,,미작성,,,
VC_TC_364,VC_TC_363,VOC 업무,전체 VOC,상세 화면,,,미작성,,,
VC_TC_365,VC_TC_364,VOC 업무,전체 VOC,상세 화면,,,미작성,,,
VC_TC_366,VC_TC_365,VOC 업무,전체 VOC,상세 화면,,,미작성,,,
VC_TC_367,VC_TC_366,VOC 업무,전체 VOC,상세 화면,,,미작성,,,
VC_TC_368,VC_TC_367,VOC 업무,전체 VOC,상세 화면,,,미작성,,,
VC_TC_369,VC_TC_368,VOC 업무,전체 VOC,상세 화면,,,미작성,,,
VC_TC_370,VC_TC_369,VOC 업무,전체 VOC,상세 화면,,,미작성,,,
VC_TC_371,VC_TC_370,VOC 업무,전체 VOC,상세 화면,,,미작성,,,
VC_TC_372,VC_TC_371,VOC 업무,전체 VOC,상세 화면,,,미작성,,,
VC_TC_373,VC_TC_372,VOC 업무,전체 VOC,상세 화면,,,미작성,,,
VC_TC_374,VC_TC_373,VOC 업무,전체 VOC,상세 화면,,,미작성,,,
VC_TC_375,VC_TC_374,VOC 업무,전체 VOC,상세 화면,,,미작성,,,
VC_TC_376,VC_TC_375,VOC 업무,전체 VOC,상세 화면,,,미작성,,,
VC_TC_377,VC_TC_376,VOC 업무,전체 VOC,상세 화면,,,미작성,,,
VC_TC_378,VC_TC_377,VOC 업무,전체 VOC,상세 화면,,,미작성,,,
VC_TC_379,VC_TC_378,VOC 업무,전체 VOC,상세 화면,,,미작성,,,
VC_TC_380,VC_TC_379,VOC 업무,전체 VOC,상세 화면,,,미작성,,,
VC_TC_381,VC_TC_380,VOC 업무,전체 VOC,상세 화면,,,미작성,,,
VC_TC_382,VC_TC_381,VOC 업무,전체 VOC,상세 화면,,,미작성,,,
VC_TC_383,VC_TC_382,VOC 업무,전체 VOC,상세 화면,,,미작성,,,
VC_TC_384,VC_TC_383,VOC 업무,전체 VOC,상세 화면,,,미작성,,,
VC_TC_385,VC_TC_384,VOC 업무,전체 VOC,상세 화면,,,미작성,,,
VC_TC_386,VC_TC_385,VOC 업무,전체 VOC,상세 화면,,,미작성,,,
VC_TC_387,VC_TC_386,VOC 업무,전체 VOC,상세 화면,,,미작성,,,
VC_TC_388,VC_TC_387,VOC 업무,전체 VOC,상세 화면,,,미작성,,,
VC_TC_389,VC_TC_388,VOC 업무,전체 VOC,상세 화면,,,미작성,,,
VC_TC_390,VC_TC_389,VOC 업무,전체 VOC,상세 화면,,,미작성,,,
VC_TC_391,VC_TC_390,VOC 업무,전체 VOC,상세 화면,,,미작성,,,
VC_TC_392,VC_TC_391,VOC 업무,전체 VOC,상세 화면,,,미작성,,,
VC_TC_393,VC_TC_392,VOC 업무,전체 VOC,상세 화면,,,미작성,,,
VC_TC_394,VC_TC_393,VOC 업무,전체 VOC,상세 화면,,,미작성,,,
VC_TC_395,VC_TC_394,VOC 업무,전체 VOC,상세 화면,,,미작성,,,
VC_TC_396,VC_TC_395,VOC 업무,전체 VOC,상세 화면,,,미작성,,,
VC_TC_397,VC_TC_396,VOC 업무,전체 VOC,상세 화면,,,미작성,,,
VC_TC_398,VC_TC_397,VOC 업무,전체 VOC,상세 화면,,,미작성,,,
VC_TC_399,VC_TC_398,VOC 업무,전체 VOC,상세 화면,,,미작성,,,
VC_TC_400,VC_TC_399,VOC 업무,전체 VOC,상세 화면,,,미작성,,,
VC_TC_401,VC_TC_400,VOC 업무,전체 VOC,상세 화면,,,미작성,,,
VC_TC_402,VC_TC_401,VOC 업무,전체 VOC,상세 화면,,,미작성,,,
VC_TC_403,VC_TC_402,VOC 업무,전체 VOC,상세 화면,,,미작성,,,
VC_TC_404,VC_TC_403,VOC 업무,전체 VOC,상세 화면,,,미작성,,,
VC_TC_405,VC_TC_404,VOC 업무,전체 VOC,상세 화면,,,미작성,,,
VC_TC_406,VC_TC_405,VOC 업무,전체 VOC,상세 화면,,,미작성,,,
VC_TC_407,VC_TC_406,VOC 업무,전체 VOC,상세 화면,,,미작성,,,
VC_TC_408,VC_TC_407,VOC 업무,전체 VOC,상세 화면,,,미작성,,,
VC_TC_409,VC_TC_408,VOC 업무,전체 VOC,상세 화면,,,미작성,,,
VC_TC_410,VC_TC_409,VOC 업무,전체 VOC,상세 화면,,,미작성,,,
VC_TC_411,VC_TC_410,VOC 업무,전체 VOC,상세 화면,,,미작성,,,
VC_TC_412,VC_TC_411,VOC 업무,전체 VOC,상세 화면,,,미작성,,,
VC_TC_413,VC_TC_412,VOC 업무,전체 VOC,상세 화면,,,미작성,,,
VC_TC_414,VC_TC_413,VOC 업무,전체 VOC,상세 화면,,,미작성,,,
VC_TC_415,VC_TC_414,VOC 업무,전체 VOC,상세 화면,,,미작성,,,
VC_TC_416,VC_TC_415,VOC 업무,전체 VOC,상세 화면,,,미작성,,,
VC_TC_417,VC_TC_416,VOC 업무,전체 VOC,상세 화면,,,미작성,,,
VC_TC_418,VC_TC_417,VOC 업무,전체 VOC,상세 화면,,,미작성,,,
VC_TC_419,VC_TC_418,VOC 업무,전체 VOC,상세 화면,,,미작성,,,
VC_TC_420,VC_TC_419,VOC 업무,전체 VOC,상세 화면,,,미작성,,,
VC_TC_421,VC_TC_420,VOC 업무,전체 VOC,상세 화면,,,미작성,,,
VC_TC_422,VC_TC_421,VOC 업무,전체 VOC,상세 화면,,,미작성,,,
VC_TC_423,VC_TC_422,VOC 업무,전체 VOC,상세 화면,,,미작성,,,
VC_TC_424,VC_TC_423,VOC 업무,전체 VOC,상세 화면,,,미작성,,,
VC_TC_425,VC_TC_424,VOC 업무,전체 VOC,상세 화면,,,미작성,,,
VC_TC_426,VC_TC_425,VOC 업무,전체 VOC,상세 화면,,,미작성,,,
VC_TC_427,VC_TC_426,VOC 업무,전체 VOC,상세 화면,,,미작성,,,
VC_TC_428,VC_TC_427,VOC 업무,전체 VOC,상세 화면,,,미작성,,,
VC_TC_429,VC_TC_428,VOC 업무,전체 VOC,상세 화면,,,미작성,,,
VC_TC_430,VC_TC_429,VOC 업무,전체 VOC,상세 화면,,,미작성,,,
VC_TC_431,VC_TC_430,VOC 업무,전체 VOC,상세 화면,,,미작성,,,
VC_TC_432,VC_TC_431,VOC 업무,전체 VOC,상세 화면,,,미작성,,,
VC_TC_433,VC_TC_432,VOC 업무,전체 VOC,상세 화면,,,미작성,,,
VC_TC_434,VC_TC_433,VOC 업무,My VOC,,PASS,,기존,01_VOC업무/my-voc.json,VC_TC_434 My VOC 화면 구성(조회조건·엑셀·목록),
VC_TC_435,VC_TC_434,VOC 업무,My VOC,요청일자,PASS,,기존,01_VOC업무/my-voc.json,VC_TC_435 요청일자 기본값 = 일주일 전 ~ 오늘,
VC_TC_436,VC_TC_435,VOC 업무,My VOC,요청일자,PASS,,기존,01_VOC업무/my-voc.json,VC_TC_436 요청일자 시작일>종료일 검색 → 알림 [접수일]의 종료일이 시작일보다 이전입니다,
VC_TC_437,VC_TC_436,VOC 업무,My VOC,요청일자,PASS,,기존,01_VOC업무/my-voc.json,"VC_TC_437,439 정상 기간 검색 → 결과 그리드 컬럼(VOC번호~진행단계) 표시",
VC_TC_438,VC_TC_437,VOC 업무,My VOC,진행단계,PASS,,기존,01_VOC업무/my-voc.json,VC_TC_438 진행단계 셀렉트 항목(전체·배정·확정·반송·회신·재요청·완료) + 기본 전체,
VC_TC_439,VC_TC_438,VOC 업무,My VOC,진행단계,,,기존,01_VOC업무/my-voc.json,VC_TC_439 진행단계=완료 검색 → 모든 행 진행단계 '완료',
VC_TC_440,VC_TC_439,VOC 업무,My VOC,구분,PASS,,기존,01_VOC업무/my-voc.json,VC_TC_440 구분 셀렉트 항목(전체·공유·업무요청) + 기본 전체,
VC_TC_441,VC_TC_440,VOC 업무,My VOC,구분,,,기존,01_VOC업무/my-voc.json,VC_TC_441 구분=업무요청 검색 → 모든 행 구분 '업무요청',
VC_TC_442,VC_TC_441,VOC 업무,My VOC,문의유형,PASS,,기존,01_VOC업무/my-voc.json,VC_TC_442 문의유형 셀렉트 항목(전체·칭찬·제안·불만·문의) + 기본 전체,
VC_TC_443,VC_TC_442,VOC 업무,My VOC,문의유형,,,기존,01_VOC업무/my-voc.json,VC_TC_443 문의유형=불만 검색 → 모든 행 유형 '불만',
VC_TC_444,VC_TC_443,VOC 업무,My VOC,접수자,PASS,,미작성,,,
VC_TC_445,VC_TC_444,VOC 업무,My VOC,접수자,FAIL,Major,결함회귀,09_결함회귀_260916/01_대시보드_VOC업무.json,VC_TC_445 [Major] My VOC 파트너검색 팝업 확인 → 접수자 입력필드에 이름 반영,기존 시나리오에도 있음: 01_VOC업무/my-voc.json
VC_TC_446,VC_TC_445,VOC 업무,My VOC,분류,PASS,,기존,01_VOC업무/my-voc.json,VC_TC_446~448 분류 자동완성(비유효 키워드 미표시 / 유효 키워드 표시 / 선택 시 대·중·소 자동 입력),
VC_TC_447,VC_TC_446,VOC 업무,My VOC,분류,PASS,,미작성,,,
VC_TC_448,VC_TC_447,VOC 업무,My VOC,분류,FAIL,Major,결함회귀,09_결함회귀_260916/01_대시보드_VOC업무.json,VC_TC_448 [Major] My VOC 분류 자동완성 선택 → 대·중·소분류 자동 입력,
VC_TC_449,VC_TC_448,VOC 업무,My VOC,분류,PASS,,기존,01_VOC업무/my-voc.json,VC_TC_449 대분류 셀렉트 항목(회원·결제/환불·음료/푸드/상품/세트2·매장·딜리버스(배달)·이벤트/프로모션·파트너칭찬),
VC_TC_450,VC_TC_449,VOC 업무,My VOC,분류,PASS,,기존,01_VOC업무/my-voc.json,VC_TC_450~453 분류 연동(대분류 미선택→중·소 미출력 / 대분류 선택→중분류 출력 / 중분류 미선택→소 미출력 / 중분류 선택→소분류 출력),
VC_TC_451,VC_TC_450,VOC 업무,My VOC,분류,PASS,,미작성,,,
VC_TC_452,VC_TC_451,VOC 업무,My VOC,분류,PASS,,미작성,,,
VC_TC_453,VC_TC_452,VOC 업무,My VOC,분류,PASS,,미작성,,,
VC_TC_454,VC_TC_453,VOC 업무,My VOC,방문매장,PASS,,미작성,,,
VC_TC_455,VC_TC_454,VOC 업무,My VOC,방문매장,,,기존,01_VOC업무/my-voc.json,VC_TC_455 부서검색 팝업 → 매장 검색 → 선택 → 확인 → 방문매장 필드 입력,
VC_TC_456,VC_TC_455,VOC 업무,My VOC,Vital Few,PASS,,기존,01_VOC업무/my-voc.json,VC_TC_456~458 Vital Few 체크박스(Risk VOC·악성 VOC) 체크/해제 검색,
VC_TC_457,VC_TC_456,VOC 업무,My VOC,Vital Few,PASS,,미작성,,,
VC_TC_458,VC_TC_457,VOC 업무,My VOC,Vital Few,PASS,,미작성,,,
VC_TC_459,VC_TC_458,VOC 업무,My VOC,주관부서,,,기존,01_VOC업무/my-voc.json,"VC_TC_459,460 주관부서 입력필드 readonly(직접 입력 불가) + 초기 빈값",
VC_TC_460,VC_TC_459,VOC 업무,My VOC,주관부서,,,미작성,,,
VC_TC_461,VC_TC_460,VOC 업무,My VOC,검색,PASS,,기존,01_VOC업무/my-voc.json,VC_TC_461 검색 셀렉트 항목(VOC번호·제목·내용·제목+내용) + 기본 VOC번호,
VC_TC_462,VC_TC_461,VOC 업무,My VOC,검색,,,기존,01_VOC업무/my-voc.json,VC_TC_462~465 검색(VOC번호/제목/내용/제목+내용) — 목록 첫 행 값으로 검색해 결과 확인,
VC_TC_463,VC_TC_462,VOC 업무,My VOC,검색,,,미작성,,,
VC_TC_464,VC_TC_463,VOC 업무,My VOC,검색,,,미작성,,,
VC_TC_465,VC_TC_464,VOC 업무,My VOC,검색,,,미작성,,,
VC_TC_466,VC_TC_465,VOC 업무,My VOC,제품명,PASS,,미작성,,,
VC_TC_467,VC_TC_466,VOC 업무,My VOC,제품명,PASS,,기존,01_VOC업무/my-voc.json,VC_TC_467 제품/상품 팝업 → 전체 검색 → 1개 선택 → 확인 → 제품명 필드 입력,
VC_TC_468,VC_TC_467,VOC 업무,My VOC,엑셀다운로드,,,미작성,,,
VC_TC_469,VC_TC_468,VOC 업무,My VOC,엑셀다운로드,,,미작성,,,
VC_TC_470,VC_TC_469,VOC 업무,My VOC,VOC 상세,,,기존,01_VOC업무/my-voc.json,"VC_TC_470,473,475,478,480,507,523 My VOC 상세 진입 → 헤더·섹션(접수정보/접수내용/답변/업무요청·공유/VOC업무문의/처리이력) 구성",
VC_TC_471,VC_TC_470,VOC 업무,My VOC,VOC 상세,,,기존,01_VOC업무/my-voc.json,VC_TC_471 상세 [목록] 버튼 → My VOC 목록 복귀,
VC_TC_472,VC_TC_471,VOC 업무,My VOC,VOC 상세,,,기존,01_VOC업무/my-voc.json,"VC_TC_472,474,477,479,506 상세 아코디언(접수정보·접수내용·답변내용·업무요청/공유·VOC업무문의) 접기/펼치기",
VC_TC_473,VC_TC_472,VOC 업무,My VOC,VOC 상세,,,미작성,,,
VC_TC_474,VC_TC_473,VOC 업무,My VOC,VOC 상세,,,미작성,,,
VC_TC_475,VC_TC_474,VOC 업무,My VOC,VOC 상세,,,미작성,,,
VC_TC_476,VC_TC_475,VOC 업무,My VOC,VOC 상세,,,미작성,,,
VC_TC_477,VC_TC_476,VOC 업무,My VOC,VOC 상세,,,미작성,,,
VC_TC_478,VC_TC_477,VOC 업무,My VOC,VOC 상세,,,미작성,,,
VC_TC_479,VC_TC_478,VOC 업무,My VOC,VOC 상세,,,미작성,,,
VC_TC_480,VC_TC_479,VOC 업무,My VOC,VOC 상세,,,미작성,,,
VC_TC_481,VC_TC_480,VOC 업무,My VOC,VOC 상세,,,미작성,,,
VC_TC_482,VC_TC_481,VOC 업무,My VOC,VOC 상세,,,미작성,,,
VC_TC_483,VC_TC_482,VOC 업무,My VOC,VOC 상세,,,미작성,,,
VC_TC_484,VC_TC_483,VOC 업무,My VOC,VOC 상세,,,미작성,,,
VC_TC_485,VC_TC_484,VOC 업무,My VOC,VOC 상세,,,미작성,,,
VC_TC_486,VC_TC_485,VOC 업무,My VOC,VOC 상세,,,미작성,,,
VC_TC_487,VC_TC_486,VOC 업무,My VOC,VOC 상세,,,미작성,,,
VC_TC_488,VC_TC_487,VOC 업무,My VOC,VOC 상세,,,미작성,,,
VC_TC_489,VC_TC_488,VOC 업무,My VOC,VOC 상세,,,미작성,,,
VC_TC_490,VC_TC_489,VOC 업무,My VOC,VOC 상세,,,미작성,,,
VC_TC_491,VC_TC_490,VOC 업무,My VOC,VOC 상세,,,미작성,,,
VC_TC_492,VC_TC_491,VOC 업무,My VOC,VOC 상세,,,미작성,,,
VC_TC_493,VC_TC_492,VOC 업무,My VOC,VOC 상세,,,미작성,,,
VC_TC_494,VC_TC_493,VOC 업무,My VOC,VOC 상세,,,미작성,,,
VC_TC_495,VC_TC_494,VOC 업무,My VOC,VOC 상세,,,미작성,,,
VC_TC_496,VC_TC_495,VOC 업무,My VOC,VOC 상세,,,미작성,,,
VC_TC_497,VC_TC_496,VOC 업무,My VOC,VOC 상세,,,미작성,,,
VC_TC_498,VC_TC_497,VOC 업무,My VOC,VOC 상세,,,미작성,,,
VC_TC_499,VC_TC_498,VOC 업무,My VOC,VOC 상세,,,미작성,,,
VC_TC_500,VC_TC_499,VOC 업무,My VOC,VOC 상세,,,미작성,,,
VC_TC_501,VC_TC_500,VOC 업무,My VOC,VOC 상세,,,미작성,,,
VC_TC_502,VC_TC_501,VOC 업무,My VOC,VOC 상세,,,미작성,,,
VC_TC_503,VC_TC_502,VOC 업무,My VOC,VOC 상세,,,미작성,,,
VC_TC_504,VC_TC_503,VOC 업무,My VOC,VOC 상세,,,미작성,,,
VC_TC_505,VC_TC_504,VOC 업무,My VOC,VOC 상세,,,미작성,,,
VC_TC_506,VC_TC_505,VOC 업무,My VOC,VOC 상세,,,미작성,,,
VC_TC_507,VC_TC_506,VOC 업무,My VOC,VOC 상세,,,미작성,,,
VC_TC_508,VC_TC_507,VOC 업무,My VOC,VOC 상세,,,기존,01_VOC업무/my-voc.json,"VC_TC_508,509,512~515 VOC업무문의(매장) 등록 팝업 구성 + 필수값/내용 없음 알림(저장 안 됨)",
VC_TC_509,VC_TC_508,VOC 업무,My VOC,VOC 상세,,,미작성,,,
VC_TC_510,VC_TC_509,VOC 업무,My VOC,VOC 상세,,,미작성,,,
VC_TC_511,VC_TC_510,VOC 업무,My VOC,VOC 상세,,,미작성,,,
VC_TC_512,VC_TC_511,VOC 업무,My VOC,VOC 상세,,,미작성,,,
VC_TC_513,VC_TC_512,VOC 업무,My VOC,VOC 상세,,,미작성,,,
VC_TC_514,VC_TC_513,VOC 업무,My VOC,VOC 상세,,,미작성,,,
VC_TC_515,VC_TC_514,VOC 업무,My VOC,VOC 상세,,,미작성,,,
VC_TC_516,VC_TC_515,VOC 업무,My VOC,VOC 상세,,,미작성,,,
VC_TC_517,VC_TC_516,VOC 업무,My VOC,VOC 상세,,,미작성,,,
VC_TC_518,VC_TC_517,VOC 업무,My VOC,VOC 상세,,,미작성,,,
VC_TC_519,VC_TC_518,VOC 업무,My VOC,VOC 상세,,,미작성,,,
VC_TC_520,VC_TC_519,VOC 업무,My VOC,VOC 상세,,,미작성,,,
VC_TC_521,VC_TC_520,VOC 업무,My VOC,VOC 상세,,,미작성,,,
VC_TC_522,VC_TC_521,VOC 업무,My VOC,VOC 상세,,,미작성,,,
VC_TC_523,VC_TC_522,VOC 업무,My VOC,VOC 상세,,,미작성,,,
VC_TC_524,VC_TC_523,VOC 업무,My VOC,VOC 상세,,,미작성,,,
VC_TC_525,VC_TC_524,VOC 업무,Team VOC,요청일자,PASS,,미작성,,,
VC_TC_526,VC_TC_525,VOC 업무,Team VOC,요청일자,PASS,,미작성,,,
VC_TC_527,VC_TC_526,VOC 업무,Team VOC,요청일자,PASS,,미작성,,,
VC_TC_528,VC_TC_527,VOC 업무,Team VOC,요청일자,PASS,,미작성,,,
VC_TC_529,VC_TC_528,VOC 업무,Team VOC,진행단계,PASS,,미작성,,,
VC_TC_530,VC_TC_529,VOC 업무,Team VOC,진행단계,,,미작성,,,
VC_TC_531,VC_TC_530,VOC 업무,Team VOC,구분,PASS,,미작성,,,
VC_TC_532,VC_TC_531,VOC 업무,Team VOC,구분,,,미작성,,,
VC_TC_533,VC_TC_532,VOC 업무,Team VOC,문의유형,PASS,,미작성,,,
VC_TC_534,VC_TC_533,VOC 업무,Team VOC,문의유형,,,미작성,,,
VC_TC_535,VC_TC_534,VOC 업무,Team VOC,처리자,PASS,,미작성,,,
VC_TC_536,VC_TC_535,VOC 업무,Team VOC,처리자,,,미작성,,,
VC_TC_537,VC_TC_536,VOC 업무,Team VOC,요청/공유 부서,PASS,,미작성,,,
VC_TC_538,VC_TC_537,VOC 업무,Team VOC,요청/공유 부서,PASS,,미작성,,,
VC_TC_539,VC_TC_538,VOC 업무,Team VOC,분류,PASS,,미작성,,,
VC_TC_540,VC_TC_539,VOC 업무,Team VOC,분류,PASS,,미작성,,,
VC_TC_541,VC_TC_540,VOC 업무,Team VOC,분류,,,미작성,,,
VC_TC_542,VC_TC_541,VOC 업무,Team VOC,분류,PASS,,미작성,,,
VC_TC_543,VC_TC_542,VOC 업무,Team VOC,분류,PASS,,미작성,,,
VC_TC_544,VC_TC_543,VOC 업무,Team VOC,분류,PASS,,미작성,,,
VC_TC_545,VC_TC_544,VOC 업무,Team VOC,분류,PASS,,미작성,,,
VC_TC_546,VC_TC_545,VOC 업무,Team VOC,분류,PASS,,미작성,,,
VC_TC_547,VC_TC_546,VOC 업무,Team VOC,접수자,PASS,,미작성,,,
VC_TC_548,VC_TC_547,VOC 업무,Team VOC,접수자,,,미작성,,,
VC_TC_549,VC_TC_548,VOC 업무,Team VOC,Vital Few,PASS,,미작성,,,
VC_TC_550,VC_TC_549,VOC 업무,Team VOC,Vital Few,PASS,,미작성,,,
VC_TC_551,VC_TC_550,VOC 업무,Team VOC,Vital Few,PASS,,미작성,,,
VC_TC_552,VC_TC_551,VOC 업무,Team VOC,방문매장,PASS,,미작성,,,
VC_TC_553,VC_TC_552,VOC 업무,Team VOC,방문매장,,,미작성,,,
VC_TC_554,VC_TC_553,VOC 업무,Team VOC,주관부서,,,미작성,,,
VC_TC_555,VC_TC_554,VOC 업무,Team VOC,주관부서,,,미작성,,,
VC_TC_556,VC_TC_555,VOC 업무,Team VOC,검색,PASS,,미작성,,,
VC_TC_557,VC_TC_556,VOC 업무,Team VOC,검색,,,미작성,,,
VC_TC_558,VC_TC_557,VOC 업무,Team VOC,검색,,,미작성,,,
VC_TC_559,VC_TC_558,VOC 업무,Team VOC,검색,,,미작성,,,
VC_TC_560,VC_TC_559,VOC 업무,Team VOC,검색,,,미작성,,,
VC_TC_561,VC_TC_560,VOC 업무,Team VOC,제품명,PASS,,미작성,,,
VC_TC_562,VC_TC_561,VOC 업무,Team VOC,제품명,PASS,,미작성,,,
VC_TC_563,VC_TC_562,VOC 업무,Team VOC,엑셀다운로드,,,미작성,,,
VC_TC_564,VC_TC_563,VOC 업무,Team VOC,엑셀다운로드,,,미작성,,,
VC_TC_565,VC_TC_564,VOC 업무,Team VOC,VOC 상세,,,미작성,,,
VC_TC_566,VC_TC_565,VOC 업무,Team VOC,VOC 상세,,,미작성,,,
VC_TC_567,VC_TC_566,VOC 업무,Team VOC,VOC 상세,,,미작성,,,
VC_TC_568,VC_TC_567,VOC 업무,Team VOC,VOC 상세,,,미작성,,,
VC_TC_569,VC_TC_568,VOC 업무,Team VOC,VOC 상세,,,미작성,,,
VC_TC_570,VC_TC_569,VOC 업무,Team VOC,VOC 상세,,,미작성,,,
VC_TC_571,VC_TC_570,VOC 업무,Team VOC,VOC 상세,,,미작성,,,
VC_TC_572,VC_TC_571,VOC 업무,Team VOC,VOC 상세,,,미작성,,,
VC_TC_573,VC_TC_572,VOC 업무,Team VOC,VOC 상세,,,미작성,,,
VC_TC_574,VC_TC_573,VOC 업무,Team VOC,VOC 상세,,,미작성,,,
VC_TC_575,VC_TC_574,VOC 업무,Team VOC,VOC 상세,,,미작성,,,
VC_TC_576,VC_TC_575,VOC 업무,Team VOC,VOC 상세,,,미작성,,,
VC_TC_577,VC_TC_576,VOC 업무,Team VOC,VOC 상세,,,미작성,,,
VC_TC_578,VC_TC_577,VOC 업무,Team VOC,VOC 상세,,,미작성,,,
VC_TC_579,VC_TC_578,VOC 업무,Team VOC,VOC 상세,,,미작성,,,
VC_TC_580,VC_TC_579,VOC 업무,Team VOC,VOC 상세,,,미작성,,,
VC_TC_581,VC_TC_580,VOC 업무,Team VOC,VOC 상세,,,미작성,,,
VC_TC_582,VC_TC_581,VOC 업무,Team VOC,VOC 상세,,,미작성,,,
VC_TC_583,VC_TC_582,VOC 업무,Team VOC,VOC 상세,,,미작성,,,
VC_TC_584,VC_TC_583,VOC 업무,Team VOC,VOC 상세,,,미작성,,,
VC_TC_585,VC_TC_584,VOC 업무,업무요청 VOC,,PASS,,미작성,,,
VC_TC_586,VC_TC_585,VOC 업무,업무요청 VOC,등록일,PASS,,미작성,,,
VC_TC_587,VC_TC_586,VOC 업무,업무요청 VOC,등록일,PASS,,미작성,,,
VC_TC_588,VC_TC_587,VOC 업무,업무요청 VOC,등록일,PASS,,미작성,,,
VC_TC_589,VC_TC_588,VOC 업무,업무요청 VOC,등록일,PASS,,미작성,,,
VC_TC_590,VC_TC_589,VOC 업무,업무요청 VOC,등록일,PASS,,미작성,,,
VC_TC_591,VC_TC_590,VOC 업무,업무요청 VOC,등록일,PASS,,미작성,,,
VC_TC_592,VC_TC_591,VOC 업무,업무요청 VOC,고객센터,PASS,,미작성,,,
VC_TC_593,VC_TC_592,VOC 업무,업무요청 VOC,고객센터,PASS,,미작성,,,
VC_TC_594,VC_TC_593,VOC 업무,업무요청 VOC,고객센터,PASS,,미작성,,,
VC_TC_595,VC_TC_594,VOC 업무,업무요청 VOC,고객센터,PASS,,미작성,,,
VC_TC_596,VC_TC_595,VOC 업무,업무요청 VOC,회신기한 초과 여부,PASS,,미작성,,,
VC_TC_597,VC_TC_596,VOC 업무,업무요청 VOC,회신기한 초과 여부,PASS,,미작성,,,
VC_TC_598,VC_TC_597,VOC 업무,업무요청 VOC,요청단계,PASS,,미작성,,,
VC_TC_599,VC_TC_598,VOC 업무,업무요청 VOC,요청단계,PASS,,미작성,,,
VC_TC_600,VC_TC_599,VOC 업무,업무요청 VOC,요청단계,PASS,,미작성,,,
VC_TC_601,VC_TC_600,VOC 업무,업무요청 VOC,요청단계,PASS,,미작성,,,
VC_TC_602,VC_TC_601,VOC 업무,업무요청 VOC,채널,PASS,,미작성,,,
VC_TC_603,VC_TC_602,VOC 업무,업무요청 VOC,채널,PASS,,미작성,,,
VC_TC_604,VC_TC_603,VOC 업무,업무요청 VOC,채널,PASS,,미작성,,,
VC_TC_605,VC_TC_604,VOC 업무,업무요청 VOC,채널,PASS,,미작성,,,
VC_TC_606,VC_TC_605,VOC 업무,업무요청 VOC,처리구분,PASS,,미작성,,,
VC_TC_607,VC_TC_606,VOC 업무,업무요청 VOC,처리구분,PASS,,미작성,,,
VC_TC_608,VC_TC_607,VOC 업무,업무요청 VOC,분류,PASS,,미작성,,,
VC_TC_609,VC_TC_608,VOC 업무,업무요청 VOC,분류,PASS,,미작성,,,
VC_TC_610,VC_TC_609,VOC 업무,업무요청 VOC,분류,PASS,,미작성,,,
VC_TC_611,VC_TC_610,VOC 업무,업무요청 VOC,분류,PASS,,미작성,,,
VC_TC_612,VC_TC_611,VOC 업무,업무요청 VOC,분류,PASS,,미작성,,,
VC_TC_613,VC_TC_612,VOC 업무,업무요청 VOC,분류,PASS,,미작성,,,
VC_TC_614,VC_TC_613,VOC 업무,업무요청 VOC,분류,PASS,,미작성,,,
VC_TC_615,VC_TC_614,VOC 업무,업무요청 VOC,분류,PASS,,미작성,,,
VC_TC_616,VC_TC_615,VOC 업무,업무요청 VOC,분류,PASS,,미작성,,,
VC_TC_617,VC_TC_616,VOC 업무,업무요청 VOC,분류,PASS,,미작성,,,
VC_TC_618,VC_TC_617,VOC 업무,업무요청 VOC,분류,PASS,,미작성,,,
VC_TC_619,VC_TC_618,VOC 업무,업무요청 VOC,분류,PASS,,미작성,,,
VC_TC_620,VC_TC_619,VOC 업무,업무요청 VOC,분류,PASS,,미작성,,,
VC_TC_621,VC_TC_620,VOC 업무,업무요청 VOC,분류,PASS,,미작성,,,
VC_TC_622,VC_TC_621,VOC 업무,업무요청 VOC,분류,PASS,,미작성,,,
VC_TC_623,VC_TC_622,VOC 업무,업무요청 VOC,분류,PASS,,미작성,,,
VC_TC_624,VC_TC_623,VOC 업무,업무요청 VOC,분류,PASS,,미작성,,,
VC_TC_625,VC_TC_624,VOC 업무,업무요청 VOC,접수자,PASS,,미작성,,,
VC_TC_626,VC_TC_625,VOC 업무,업무요청 VOC,접수자,PASS,,미작성,,,
VC_TC_627,VC_TC_626,VOC 업무,업무요청 VOC,접수자,,,미작성,,,
VC_TC_628,VC_TC_627,VOC 업무,업무요청 VOC,처리부서,PASS,,미작성,,,
VC_TC_629,VC_TC_628,VOC 업무,업무요청 VOC,처리부서,PASS,,미작성,,,
VC_TC_630,VC_TC_629,VOC 업무,업무요청 VOC,처리자,PASS,,미작성,,,
VC_TC_631,VC_TC_630,VOC 업무,업무요청 VOC,처리자,,,미작성,,,
VC_TC_632,VC_TC_631,VOC 업무,업무요청 VOC,엑셀다운로드,PASS,,미작성,,,
VC_TC_633,VC_TC_632,VOC 업무,업무요청 VOC,검색 결과,PASS,,미작성,,,
VC_TC_634,VC_TC_633,VOC 업무,업무요청 VOC,검색 결과,PASS,,미작성,,,
VC_TC_635,VC_TC_634,VOC 업무,업무요청 VOC,검색 결과,PASS,,미작성,,,
VC_TC_636,VC_TC_635,VOC 업무,업무요청 VOC,검색 결과,PASS,,미작성,,,
VC_TC_637,VC_TC_636,VOC 업무,업무요청 VOC,검색 결과,PASS,,미작성,,,
VC_TC_638,VC_TC_637,VOC 업무,업무요청 VOC,검색 결과,PASS,,미작성,,,
VC_TC_639,VC_TC_638,VOC 업무,업무요청 VOC,VOC 상세,,,미작성,,,
VC_TC_640,VC_TC_639,VOC 업무,업무요청/공유(매장),,PASS,,기존,01_VOC업무/store-req-share.json,VC_TC_640 업무요청/공유(매장) 화면 구성(신규등록·작성일자·상태·요청유형·검색·제목·작성자·요청매장·엑셀·목록),
VC_TC_641,VC_TC_640,VOC 업무,업무요청/공유(매장),신규등록,PASS,,미작성,,,
VC_TC_642,VC_TC_641,VOC 업무,업무요청/공유(매장),신규등록,PASS,,기존,01_VOC업무/store-req-share.json,VC_TC_642 등록 화면 [목록] → 목록 화면 복귀,
VC_TC_643,VC_TC_642,VOC 업무,업무요청/공유(매장),신규등록,PASS,,기존,01_VOC업무/store-req-share.json,"VC_TC_643,644 등록 화면 요청유형 셀렉트 항목(고객정보 요청·쿠폰발행 요청·칭찬 파트너 등록) + 선택 시 상용구 변경",
VC_TC_644,VC_TC_643,VOC 업무,업무요청/공유(매장),신규등록,,,미작성,,,
VC_TC_645,VC_TC_644,VOC 업무,업무요청/공유(매장),신규등록,PASS,,미작성,,,
VC_TC_646,VC_TC_645,VOC 업무,업무요청/공유(매장),신규등록,PASS,,기존,01_VOC업무/store-req-share.json,VC_TC_646 등록 화면 요청매장 팝업에서 부서 검색·선택·[확인] → 요청매장 입력,
VC_TC_647,VC_TC_646,VOC 업무,업무요청/공유(매장),신규등록,PASS,,미작성,,,
VC_TC_648,VC_TC_647,VOC 업무,업무요청/공유(매장),신규등록,,,미작성,,,
VC_TC_649,VC_TC_648,VOC 업무,업무요청/공유(매장),신규등록,,,미작성,,,
VC_TC_650,VC_TC_649,VOC 업무,업무요청/공유(매장),신규등록,,,미작성,,,
VC_TC_651,VC_TC_650,VOC 업무,업무요청/공유(매장),신규등록,FAIL,Major,결함회귀,09_결함회귀_260916/01_대시보드_VOC업무.json,VC_TC_651 [Major] 업무요청/공유(매장) 신규등록 첨부파일 업로드,
VC_TC_652,VC_TC_651,VOC 업무,업무요청/공유(매장),신규등록,,,미작성,,,
VC_TC_653,VC_TC_652,VOC 업무,업무요청/공유(매장),신규등록,PASS,,기존,01_VOC업무/store-req-share.json,"VC_TC_653 등록 화면 요청매장 미설정 [등록] → ""[요청매장*] 은(는) 필수 항목입니다.""",
VC_TC_654,VC_TC_653,VOC 업무,업무요청/공유(매장),신규등록,PASS,,미작성,,,
VC_TC_655,VC_TC_654,VOC 업무,업무요청/공유(매장),신규등록,FAIL,Major,결함회귀,09_결함회귀_260916/01_대시보드_VOC업무.json,VC_TC_655 [Major] 업무요청/공유(매장) 내용 미입력 등록 시 필수 검증 알림,
VC_TC_656,VC_TC_655,VOC 업무,업무요청/공유(매장),신규등록,PASS,,미작성,,,
VC_TC_657,VC_TC_656,VOC 업무,업무요청/공유(매장),신규등록,PASS,,미작성,,,
VC_TC_658,VC_TC_657,VOC 업무,업무요청/공유(매장),신규등록,PASS,,미작성,,,
VC_TC_659,VC_TC_658,VOC 업무,업무요청/공유(매장),작성일자,PASS,,기존,01_VOC업무/store-req-share.json,"VC_TC_659,660 작성일자 기간 검색(정상) + 시작일>종료일 알림 ""[등록일]의 종료일이 시작일보다 이전입니다.""",
VC_TC_660,VC_TC_659,VOC 업무,업무요청/공유(매장),작성일자,PASS,,미작성,,,
VC_TC_661,VC_TC_660,VOC 업무,업무요청/공유(매장),상태,PASS,,기존,01_VOC업무/store-req-share.json,"VC_TC_661,662 상태 셀렉트 항목(전체 Default·요청중·반려·완료) + 항목별 검색 결과 상태 일치",
VC_TC_662,VC_TC_661,VOC 업무,업무요청/공유(매장),상태,PASS,,미작성,,,
VC_TC_663,VC_TC_662,VOC 업무,업무요청/공유(매장),요청유형,PASS,,기존,01_VOC업무/store-req-share.json,"VC_TC_663,664 요청유형 셀렉트 항목(전체 Default·고객정보 요청·쿠폰발행 요청·칭찬 파트너 등록) + 항목별 검색 결과 일치",
VC_TC_664,VC_TC_663,VOC 업무,업무요청/공유(매장),요청유형,PASS,,미작성,,,
VC_TC_665,VC_TC_664,VOC 업무,업무요청/공유(매장),제목,PASS,,기존,01_VOC업무/store-req-share.json,VC_TC_665 제목 키워드 Like 검색 → 결과 제목에 키워드 포함,
VC_TC_666,VC_TC_665,VOC 업무,업무요청/공유(매장),작성자,PASS,,미작성,,,
VC_TC_667,VC_TC_666,VOC 업무,업무요청/공유(매장),작성자,,,기존,01_VOC업무/store-req-share.json,VC_TC_667 파트너검색 팝업에서 부서(서초) 검색 → 부서 선택 → 파트너 선택 → [확인] → 작성자 입력,
VC_TC_668,VC_TC_667,VOC 업무,업무요청/공유(매장),작성자,PASS,,미작성,,,
VC_TC_669,VC_TC_668,VOC 업무,업무요청/공유(매장),검색 결과,PASS,,기존,01_VOC업무/store-req-share.json,"VC_TC_669,670,672 검색결과 컬럼(요청유형·제목·작성일·요청매장·작성자·상태) + 페이징 UI + Rows/Page 항목",
VC_TC_670,VC_TC_669,VOC 업무,업무요청/공유(매장),검색 결과,PASS,,미작성,,,
VC_TC_671,VC_TC_670,VOC 업무,업무요청/공유(매장),검색 결과,PASS,,미작성,,,
VC_TC_672,VC_TC_671,VOC 업무,업무요청/공유(매장),검색 결과,PASS,,미작성,,,
VC_TC_673,VC_TC_672,VOC 업무,업무요청/공유(매장),검색 결과,PASS,,미작성,,,
VC_TC_674,VC_TC_673,VOC 업무,업무요청/공유(매장),상세 화면,PASS,,기존,01_VOC업무/store-req-share.json,"VC_TC_674,675 상세 화면 항목(목록·작성매장·작성자·작성일시·요청유형·제목·내용·첨부파일·상태·수정) + [목록] 복귀",
VC_TC_675,VC_TC_674,VOC 업무,업무요청/공유(매장),상세 화면,PASS,,미작성,,,
VC_TC_676,VC_TC_675,VOC 업무,업무요청/공유(매장),상세 화면,FAIL,Major,결함회귀,09_결함회귀_260916/01_대시보드_VOC업무.json,VC_TC_676 [Major] 업무요청/공유(매장) 수정 화면에서 내용 편집 가능,기존 시나리오에도 있음: 01_VOC업무/store-req-share.json
VC_TC_677,VC_TC_676,VOC 업무,업무요청/공유(매장),상세 화면,,,미작성,,,
VC_TC_678,VC_TC_677,VOC 업무,업무요청/공유(매장),수정 화면,PASS,,미작성,,,
VC_TC_679,VC_TC_678,VOC 업무,업무요청/공유(매장),수정 화면,PASS,,미작성,,,
VC_TC_680,VC_TC_679,VOC 업무,업무요청/공유(매장),수정 화면,,,미작성,,,
VC_TC_681,VC_TC_680,VOC 업무,업무요청/공유(매장),수정 화면,PASS,,미작성,,,
VC_TC_682,VC_TC_681,VOC 업무,업무요청/공유(매장),수정 화면,PASS,,미작성,,,
VC_TC_683,VC_TC_682,VOC 업무,업무요청/공유(매장),수정 화면,FAIL,Major,결함회귀,09_결함회귀_260916/01_대시보드_VOC업무.json,VC_TC_683 [Major] 업무요청/공유(매장) 수정 화면 상태 완료 변경 시 고객정보·메모 입력창 노출,
VC_TC_684,VC_TC_683,VOC 업무,업무요청/공유(매장),수정 화면,PASS,,미작성,,,
VC_TC_685,VC_TC_684,VOC 업무,업무요청/공유(매장),수정 화면,,,미작성,,,
VC_TC_686,VC_TC_685,VOC 업무,업무요청/공유(매장),수정 화면,PASS,,미작성,,,
VC_TC_687,VC_TC_686,VOC 업무,업무요청/공유(매장),수정 화면,,,미작성,,,
VC_TC_688,VC_TC_687,VOC 업무,업무요청/공유(매장),수정 화면,,,미작성,,,
VC_TC_689,VC_TC_688,VOC 업무,업무요청/공유(매장),수정 화면,,,미작성,,,
VC_TC_690,VC_TC_689,VOC 업무,업무요청/공유(매장),수정 화면,PASS,,미작성,,,
VC_TC_691,VC_TC_690,VOC 업무,업무요청/공유(매장),수정 화면,PASS,,미작성,,,
VC_TC_692,VC_TC_691,VOC 업무,업무요청/공유(매장),수정 화면,PASS,,미작성,,,
VC_TC_693,VC_TC_692,VOC 업무,업무요청/공유(매장),수정 화면,PASS,,미작성,,,
VC_TC_694,VC_TC_693,VOC 업무,업무요청/공유(매장),수정 화면,PASS,,미작성,,,
VC_TC_695,VC_TC_694,VOC 업무,업무요청/공유(매장),수정 화면,PASS,,미작성,,,
VC_TC_696,VC_TC_695,VOC 업무,업무요청/공유(매장),수정 화면,PASS,,미작성,,,
VC_TC_697,VC_TC_696,VOC 업무,업무요청/공유(매장),수정 화면,PASS,,미작성,,,
VC_TC_698,VC_TC_697,VOC 업무,업무요청/공유(매장),수정 화면,PASS,,미작성,,,
VC_TC_699,VC_TC_698,VOC 업무,업무요청/공유(매장),수정 화면,PASS,,미작성,,,
VC_TC_700,VC_TC_699,VOC 업무,VOC업무문의(매장),,PASS,,미작성,,,
VC_TC_701,VC_TC_700,VOC 업무,VOC업무문의(매장),검토 완료일,PASS,,미작성,,,
VC_TC_702,VC_TC_701,VOC 업무,VOC업무문의(매장),검토 완료일,PASS,,미작성,,,
VC_TC_703,VC_TC_702,VOC 업무,VOC업무문의(매장),검토 완료일,PASS,,미작성,,,
VC_TC_704,VC_TC_703,VOC 업무,VOC업무문의(매장),상태,PASS,,미작성,,,
VC_TC_705,VC_TC_704,VOC 업무,VOC업무문의(매장),상태,PASS,,미작성,,,
VC_TC_706,VC_TC_705,VOC 업무,VOC업무문의(매장),요청유형,PASS,,미작성,,,
VC_TC_707,VC_TC_706,VOC 업무,VOC업무문의(매장),요청유형,,,미작성,,,
VC_TC_708,VC_TC_707,VOC 업무,VOC업무문의(매장),신청 매장,PASS,,미작성,,,
VC_TC_709,VC_TC_708,VOC 업무,VOC업무문의(매장),신청 매장,PASS,,미작성,,,
VC_TC_710,VC_TC_709,VOC 업무,VOC업무문의(매장),제목,PASS,,미작성,,,
VC_TC_711,VC_TC_710,VOC 업무,VOC업무문의(매장),작성자,PASS,,미작성,,,
VC_TC_712,VC_TC_711,VOC 업무,VOC업무문의(매장),작성자,PASS,,미작성,,,
VC_TC_713,VC_TC_712,VOC 업무,VOC업무문의(매장),작성자,,,미작성,,,
VC_TC_714,VC_TC_713,VOC 업무,VOC업무문의(매장),엑셀다운로드,PASS,,미작성,,,
VC_TC_715,VC_TC_714,VOC 업무,VOC업무문의(매장),검색 결과,PASS,,미작성,,,
VC_TC_716,VC_TC_715,VOC 업무,VOC업무문의(매장),검색 결과,PASS,,미작성,,,
VC_TC_717,VC_TC_716,VOC 업무,VOC업무문의(매장),검색 결과,PASS,,미작성,,,
VC_TC_718,VC_TC_717,VOC 업무,VOC업무문의(매장),검색 결과,PASS,,미작성,,,
VC_TC_719,VC_TC_718,VOC 업무,VOC업무문의(매장),검색 결과,PASS,,미작성,,,
VC_TC_720,VC_TC_719,VOC 업무,VOC업무문의(매장),상세 화면,FAIL,Minor,결함회귀,09_결함회귀_260916/01_대시보드_VOC업무.json,VC_TC_720 [Minor] VOC업무문의(매장) 상세 진입 — 시스템 오류 화면 없이 상세 표시,
VC_TC_721,VC_TC_720,VOC 업무,VOC업무문의(매장),상세 화면,,,미작성,,,
VC_TC_722,VC_TC_721,VOC 업무,VOC업무문의(매장),상세 화면,,,미작성,,,
VC_TC_723,VC_TC_722,VOC 업무,VOC업무문의(매장),상세 화면,,,미작성,,,
VC_TC_724,VC_TC_723,VOC 업무,VOC업무문의(매장),상세 화면,,,미작성,,,
VC_TC_725,VC_TC_724,VOC 업무,VOC업무문의(매장),상세 화면,,,미작성,,,
VC_TC_726,VC_TC_725,VOC 업무,VOC업무문의(매장),상세 화면,,,미작성,,,
VC_TC_727,,VOC 업무,VOC업무문의(매장),상세 화면,,,미작성,,,260916 신규 추가 TC(시나리오.md 에 없음).
VC_TC_728,VC_TC_726,VOC 업무,VOC업무문의(매장),수정 화면,,,미작성,,,
VC_TC_729,VC_TC_727,VOC 업무,VOC업무문의(매장),수정 화면,,,미작성,,,
VC_TC_730,VC_TC_728,VOC 업무,VOC업무문의(매장),수정 화면,,,미작성,,,
VC_TC_731,VC_TC_729,VOC 업무,VOC업무문의(매장),수정 화면,,,미작성,,,
VC_TC_732,VC_TC_730,VOC 업무,VOC업무문의(매장),수정 화면,,,미작성,,,
VC_TC_733,VC_TC_731,VOC 업무,VOC업무문의(매장),수정 화면,,,미작성,,,
VC_TC_734,VC_TC_732,VOC 업무,VOC업무문의(매장),수정 화면,,,미작성,,,
VC_TC_735,VC_TC_733,VOC 업무,VOC업무문의(매장),삭제,,,미작성,,,
VC_TC_736,VC_TC_734,VOC 업무,VOC업무문의(매장),삭제,,,미작성,,,
VC_TC_737,VC_TC_735,VOC 업무,VOC업무문의(매장),삭제,,,미작성,,,
VC_TC_738,VC_TC_736,VOC 업무,VOC업무문의(매장),처리중,,,미작성,,,
VC_TC_739,VC_TC_737,VOC 업무,VOC업무문의(매장),처리중,,,미작성,,,
VC_TC_740,VC_TC_738,VOC 업무,VOC업무문의(매장),처리중,,,미작성,,,
VC_TC_741,VC_TC_739,VOC 업무,VOC업무문의(매장),처리 완료,,,미작성,,,
VC_TC_742,VC_TC_740,VOC 업무,VOC업무문의(매장),처리 완료,,,미작성,,,
VC_TC_743,VC_TC_741,VOC 업무,VOC업무문의(매장),처리 완료,,,미작성,,,
VC_TC_744,VC_TC_742,VOC 업무,VOC업무문의(매장),처리 불가,,,미작성,,,
VC_TC_745,VC_TC_743,VOC 업무,VOC업무문의(매장),처리 불가,,,미작성,,,
VC_TC_746,VC_TC_744,VOC 업무,VOC업무문의(매장),처리 불가,,,미작성,,,
VC_TC_747,VC_TC_745,VOC 조회,Vital Few,,PASS,,미작성,,,
VC_TC_748,VC_TC_746,VOC 조회,Vital Few,,PASS,,기존,02_VOC조회/vital-few.json,VC_TC_748 Vital Few 화면 구성(검색조건·검색버튼·목록),
VC_TC_749,VC_TC_747,VOC 조회,Vital Few,등록일,PASS,,기존,02_VOC조회/vital-few.json,"VC_TC_749 등록일 기본값(시작=일주일 전, 종료=오늘)",
VC_TC_750,VC_TC_748,VOC 조회,Vital Few,등록일,PASS,,기존,02_VOC조회/vital-few.json,VC_TC_750 등록일 시작일>종료일 → 알림,
VC_TC_751,VC_TC_749,VOC 조회,Vital Few,등록일,PASS,,기존,02_VOC조회/vital-few.json,VC_TC_751 등록일 정상 범위 검색 → 기간 내 목록,
VC_TC_752,VC_TC_750,VOC 조회,Vital Few,진행단계,PASS,,기존,02_VOC조회/vital-few.json,"VC_TC_752,754,760 진행단계·고객센터·문의유형 셀렉트 항목·기본값(전체)",
VC_TC_753,VC_TC_751,VOC 조회,Vital Few,진행단계,,,기존,02_VOC조회/vital-few.json,VC_TC_753 진행단계 필터(처리완료) → 결과 행 진행상태 일치,
VC_TC_754,VC_TC_752,VOC 조회,Vital Few,고객센터,PASS,,미작성,,,
VC_TC_755,VC_TC_753,VOC 조회,Vital Few,고객센터,,,기존,02_VOC조회/vital-few.json,VC_TC_755 고객센터 필터(대표번호) 검색 실행,
VC_TC_756,VC_TC_754,VOC 조회,Vital Few,채널,PASS,,기존,02_VOC조회/vital-few.json,VC_TC_756 채널 체크박스 항목(Call·Chat·Web/App·기타),
VC_TC_757,VC_TC_755,VOC 조회,Vital Few,채널,PASS,,기존,02_VOC조회/vital-few.json,VC_TC_757~759 채널 1개·다중·전체해제 필터 → 결과 채널 일치,
VC_TC_758,VC_TC_756,VOC 조회,Vital Few,채널,PASS,,미작성,,,
VC_TC_759,VC_TC_757,VOC 조회,Vital Few,채널,PASS,,미작성,,,
VC_TC_760,VC_TC_758,VOC 조회,Vital Few,문의유형,PASS,,미작성,,,
VC_TC_761,VC_TC_759,VOC 조회,Vital Few,문의유형,PASS,,기존,02_VOC조회/vital-few.json,VC_TC_761 문의유형 필터(불만) → 결과 문의유형 일치,
VC_TC_762,VC_TC_760,VOC 조회,Vital Few,분류,PASS,,기존,02_VOC조회/vital-few.json,VC_TC_762~766 분류 대/중/소 체인 콤보,
VC_TC_763,VC_TC_761,VOC 조회,Vital Few,분류,PASS,,미작성,,,
VC_TC_764,VC_TC_762,VOC 조회,Vital Few,분류,PASS,,미작성,,,
VC_TC_765,VC_TC_763,VOC 조회,Vital Few,분류,PASS,,미작성,,,
VC_TC_766,VC_TC_764,VOC 조회,Vital Few,분류,PASS,,미작성,,,
VC_TC_767,VC_TC_765,VOC 조회,Vital Few,분류,PASS,,기존,02_VOC조회/vital-few.json,VC_TC_767~769 분류 자동완성(비유효 미표시·유효 표시·선택 시 콤보 자동입력),
VC_TC_768,VC_TC_766,VOC 조회,Vital Few,분류,PASS,,미작성,,,
VC_TC_769,VC_TC_767,VOC 조회,Vital Few,분류,FAIL,Major,결함회귀,09_결함회귀_260916/02_VOC조회.json,VC_TC_769 [Major] Vital Few 분류 자동완성 선택 → 대·중·소분류 자동 입력,
VC_TC_770,VC_TC_768,VOC 조회,Vital Few,접수자,PASS,,미작성,,,
VC_TC_771,VC_TC_769,VOC 조회,Vital Few,접수자,,,기존,02_VOC조회/vital-few.json,VC_TC_771 파트너검색 팝업 부서검색→부서 선택→파트너 선택→확인 → 접수자 입력,
VC_TC_772,VC_TC_770,VOC 조회,Vital Few,방문매장,PASS,,미작성,,,
VC_TC_773,VC_TC_771,VOC 조회,Vital Few,방문매장,,,기존,02_VOC조회/vital-few.json,VC_TC_773 부서검색 팝업 부서 선택→확인 → 방문매장 입력,
VC_TC_774,VC_TC_772,VOC 조회,Vital Few,답변진행,PASS,,기존,02_VOC조회/vital-few.json,VC_TC_774 답변진행 셀렉트 항목(전체·답변·미답변)·라디오 기본 전체,
VC_TC_775,VC_TC_773,VOC 조회,Vital Few,답변진행,PASS,,기존,02_VOC조회/vital-few.json,VC_TC_775~778 답변진행 셀렉트(답변/미답변)·라디오(전체/30h/48h) 필터,
VC_TC_776,VC_TC_774,VOC 조회,Vital Few,답변진행,PASS,,미작성,,,
VC_TC_777,VC_TC_775,VOC 조회,Vital Few,답변진행,PASS,,미작성,,,
VC_TC_778,VC_TC_776,VOC 조회,Vital Few,답변진행,PASS,,미작성,,,
VC_TC_779,VC_TC_777,VOC 조회,Vital Few,검색,PASS,,기존,02_VOC조회/vital-few.json,VC_TC_779 검색 셀렉트 항목(VOC번호 기본 외 8종),
VC_TC_780,VC_TC_778,VOC 조회,Vital Few,검색,PASS,,기존,02_VOC조회/vital-few.json,"VC_TC_780,781 검색 VOC번호·제목 키워드 → 해당 행만",
VC_TC_781,VC_TC_779,VOC 조회,Vital Few,검색,PASS,,미작성,,,
VC_TC_782,VC_TC_780,VOC 조회,Vital Few,검색,,,기존,02_VOC조회/vital-few.json,VC_TC_782~788 검색 구분(내용·답변·제목+내용·제목+내용+답변·고객ID·고객명·고객연락처) 조회 실행,
VC_TC_783,VC_TC_781,VOC 조회,Vital Few,검색,,,미작성,,,
VC_TC_784,VC_TC_782,VOC 조회,Vital Few,검색,,,미작성,,,
VC_TC_785,VC_TC_783,VOC 조회,Vital Few,검색,,,미작성,,,
VC_TC_786,VC_TC_784,VOC 조회,Vital Few,검색,,,미작성,,,
VC_TC_787,VC_TC_785,VOC 조회,Vital Few,검색,,,미작성,,,
VC_TC_788,VC_TC_786,VOC 조회,Vital Few,검색,,,미작성,,,
VC_TC_789,VC_TC_787,VOC 조회,Vital Few,공개/업무요청/공유 여부,,,기존,02_VOC조회/vital-few.json,VC_TC_789~792 공개/업무요청/공유 여부 체크(1개·다중·전체·미체크) 검색 실행,
VC_TC_790,VC_TC_788,VOC 조회,Vital Few,공개/업무요청/공유 여부,,,미작성,,,
VC_TC_791,VC_TC_789,VOC 조회,Vital Few,공개/업무요청/공유 여부,,,미작성,,,
VC_TC_792,VC_TC_790,VOC 조회,Vital Few,공개/업무요청/공유 여부,,,미작성,,,
VC_TC_793,VC_TC_791,VOC 조회,Vital Few,검색 결과,,,기존,02_VOC조회/vital-few.json,VC_TC_793 검색결과 목록 컬럼(VOC번호~진행상태 11개),
VC_TC_794,VC_TC_792,VOC 조회,Vital Few,검색 결과,,,기존,02_VOC조회/vital-few.json,"VC_TC_794,796 페이징 영역·Rows/Page 항목(15 기본·20·50)",
VC_TC_795,VC_TC_793,VOC 조회,Vital Few,검색 결과,,,기존,02_VOC조회/vital-few.json,"VC_TC_795,797 페이지 이동·Rows/Page 변경 반영",
VC_TC_796,VC_TC_794,VOC 조회,Vital Few,검색 결과,PASS,,미작성,,,
VC_TC_797,VC_TC_795,VOC 조회,Vital Few,검색 결과,,,미작성,,,
VC_TC_798,VC_TC_796,VOC 조회,Vital Few,검색 결과,,,기존,02_VOC조회/vital-few.json,VC_TC_798~800 목록 더블클릭 → 상세 화면(6영역·탭·헤더)·목록 버튼 복귀,
VC_TC_799,VC_TC_797,VOC 조회,Vital Few,상세 화면,,,미작성,,,
VC_TC_800,VC_TC_798,VOC 조회,Vital Few,상세 화면,,,미작성,,,
VC_TC_801,VC_TC_799,VOC 조회,Vital Few,상세 화면,,,기존,02_VOC조회/vital-few.json,"VC_TC_801,803,822,825,828,831,834,835,842,849 상세 고객정보 항목·마스킹·MSR·악성건/등록건 색상",
VC_TC_802,VC_TC_800,VOC 조회,Vital Few,상세 화면,,,기존,02_VOC조회/vital-few.json,"VC_TC_802,853,855,857,859,868,870,872,874,876 상세 각 영역 타이틀 클릭 접기/펼치기",
VC_TC_803,VC_TC_801,VOC 조회,Vital Few,상세 화면,,,미작성,,,
VC_TC_804,VC_TC_802,VOC 조회,Vital Few,상세 화면,,,기존,02_VOC조회/vital-few.json,VC_TC_804 연락처 [조회] → 개인정보 상세 팝업(마스킹 해제·유의사항·닫기),
VC_TC_805,VC_TC_803,VOC 조회,Vital Few,상세 화면,,,기존,02_VOC조회/vital-few.json,"VC_TC_805~807,810~812,815,816,820 연락처 [문자발송] 팝업 구성·수신번호 편집·발신번호 라디오·상용구 검색/선택·Rows/Page·닫기",
VC_TC_806,VC_TC_804,VOC 조회,Vital Few,상세 화면,,,미작성,,,
VC_TC_807,VC_TC_805,VOC 조회,Vital Few,상세 화면,,,미작성,,,
VC_TC_808,VC_TC_806,VOC 조회,Vital Few,상세 화면,,,기존,02_VOC조회/vital-few.json,"VC_TC_808,809,813 문자발송 내용 2000byte 카운터·초과 알림·상용구 선택 초과 알림",
VC_TC_809,VC_TC_807,VOC 조회,Vital Few,상세 화면,,,미작성,,,
VC_TC_810,VC_TC_808,VOC 조회,Vital Few,상세 화면,,,미작성,,,
VC_TC_811,VC_TC_809,VOC 조회,Vital Few,상세 화면,,,미작성,,,
VC_TC_812,VC_TC_810,VOC 조회,Vital Few,상세 화면,,,미작성,,,
VC_TC_813,VC_TC_811,VOC 조회,Vital Few,상세 화면,,,미작성,,,
VC_TC_814,VC_TC_812,VOC 조회,Vital Few,상세 화면,,,미작성,,,
VC_TC_815,VC_TC_813,VOC 조회,Vital Few,상세 화면,,,미작성,,,
VC_TC_816,VC_TC_814,VOC 조회,Vital Few,상세 화면,,,미작성,,,
VC_TC_817,VC_TC_815,VOC 조회,Vital Few,상세 화면,,,미작성,,,
VC_TC_818,VC_TC_816,VOC 조회,Vital Few,상세 화면,,,미작성,,,
VC_TC_819,VC_TC_817,VOC 조회,Vital Few,상세 화면,,,미작성,,,
VC_TC_820,VC_TC_818,VOC 조회,Vital Few,상세 화면,,,미작성,,,
VC_TC_821,VC_TC_819,VOC 조회,Vital Few,상세 화면,,,미작성,,,
VC_TC_822,VC_TC_820,VOC 조회,Vital Few,상세 화면,,,미작성,,,
VC_TC_823,VC_TC_821,VOC 조회,Vital Few,상세 화면,,,기존,02_VOC조회/vital-few.json,"VC_TC_823,826,829,832,850 가입연락처·생년월일·이름·아이디·가입이메일 [조회] 팝업",
VC_TC_824,VC_TC_822,VOC 조회,Vital Few,상세 화면,,,미작성,,,
VC_TC_825,VC_TC_823,VOC 조회,Vital Few,상세 화면,,,미작성,,,
VC_TC_826,VC_TC_824,VOC 조회,Vital Few,상세 화면,,,미작성,,,
VC_TC_827,VC_TC_825,VOC 조회,Vital Few,상세 화면,,,미작성,,,
VC_TC_828,VC_TC_826,VOC 조회,Vital Few,상세 화면,,,미작성,,,
VC_TC_829,VC_TC_827,VOC 조회,Vital Few,상세 화면,,,미작성,,,
VC_TC_830,VC_TC_828,VOC 조회,Vital Few,상세 화면,,,미작성,,,
VC_TC_831,VC_TC_829,VOC 조회,Vital Few,상세 화면,,,미작성,,,
VC_TC_832,VC_TC_830,VOC 조회,Vital Few,상세 화면,,,미작성,,,
VC_TC_833,VC_TC_831,VOC 조회,Vital Few,상세 화면,,,미작성,,,
VC_TC_834,VC_TC_832,VOC 조회,Vital Few,상세 화면,,,미작성,,,
VC_TC_835,VC_TC_833,VOC 조회,Vital Few,상세 화면,,,미작성,,,
VC_TC_836,VC_TC_834,VOC 조회,Vital Few,상세 화면,,,기존,02_VOC조회/vital-few.json,VC_TC_836~840 [사이렌 이력] 팝업 구성·기본 기간(3개월)·검색·컬럼·페이징,
VC_TC_837,VC_TC_835,VOC 조회,Vital Few,상세 화면,,,미작성,,,
VC_TC_838,VC_TC_836,VOC 조회,Vital Few,상세 화면,,,미작성,,,
VC_TC_839,VC_TC_837,VOC 조회,Vital Few,상세 화면,,,미작성,,,
VC_TC_840,VC_TC_838,VOC 조회,Vital Few,상세 화면,,,미작성,,,
VC_TC_841,VC_TC_839,VOC 조회,Vital Few,상세 화면,,,미작성,,,
VC_TC_842,VC_TC_840,VOC 조회,Vital Few,상세 화면,,,미작성,,,
VC_TC_843,VC_TC_841,VOC 조회,Vital Few,상세 화면,,,기존,02_VOC조회/vital-few.json,VC_TC_843~847 [VOC이력] 팝업 구성·기본 기간(2주)·검색·컬럼·페이징,
VC_TC_844,VC_TC_842,VOC 조회,Vital Few,상세 화면,,,미작성,,,
VC_TC_845,VC_TC_843,VOC 조회,Vital Few,상세 화면,,,미작성,,,
VC_TC_846,VC_TC_844,VOC 조회,Vital Few,상세 화면,,,미작성,,,
VC_TC_847,VC_TC_845,VOC 조회,Vital Few,상세 화면,,,미작성,,,
VC_TC_848,VC_TC_846,VOC 조회,Vital Few,상세 화면,,,미작성,,,
VC_TC_849,VC_TC_847,VOC 조회,Vital Few,상세 화면,,,미작성,,,
VC_TC_850,VC_TC_848,VOC 조회,Vital Few,상세 화면,,,미작성,,,
VC_TC_851,VC_TC_849,VOC 조회,Vital Few,상세 화면,,,미작성,,,
VC_TC_852,VC_TC_850,VOC 조회,Vital Few,상세 화면,,,미작성,,,
VC_TC_853,VC_TC_851,VOC 조회,Vital Few,상세 화면,,,미작성,,,
VC_TC_854,VC_TC_852,VOC 조회,Vital Few,상세 화면,,,기존,02_VOC조회/vital-few.json,"VC_TC_854,856,858,860,869,871,873,875,877 상세 접수정보·접수내용·답변내용·추가사항·업무요청/공유 항목 라벨",
VC_TC_855,VC_TC_853,VOC 조회,Vital Few,상세 화면,,,미작성,,,
VC_TC_856,VC_TC_854,VOC 조회,Vital Few,상세 화면,,,미작성,,,
VC_TC_857,VC_TC_855,VOC 조회,Vital Few,상세 화면,,,미작성,,,
VC_TC_858,VC_TC_856,VOC 조회,Vital Few,상세 화면,,,미작성,,,
VC_TC_859,VC_TC_857,VOC 조회,Vital Few,상세 화면,,,미작성,,,
VC_TC_860,VC_TC_858,VOC 조회,Vital Few,상세 화면,,,미작성,,,
VC_TC_861,VC_TC_859,VOC 조회,Vital Few,상세 화면,,,기존,02_VOC조회/vital-few.json,"VC_TC_861,862,864,865,878,879 상세 처리이력·상담이력·통보이력 탭 목록/컬럼/페이징",
VC_TC_862,VC_TC_860,VOC 조회,Vital Few,상세 화면,,,미작성,,,
VC_TC_863,VC_TC_861,VOC 조회,Vital Few,상세 화면,,,미작성,,,
VC_TC_864,VC_TC_862,VOC 조회,Vital Few,상세 화면,,,미작성,,,
VC_TC_865,VC_TC_863,VOC 조회,Vital Few,상세 화면,,,미작성,,,
VC_TC_866,VC_TC_864,VOC 조회,Vital Few,상세 화면,,,미작성,,,
VC_TC_867,VC_TC_865,VOC 조회,Vital Few,상세 화면,,,미작성,,,
VC_TC_868,VC_TC_866,VOC 조회,Vital Few,상세 화면,,,미작성,,,
VC_TC_869,VC_TC_867,VOC 조회,Vital Few,상세 화면,,,미작성,,,
VC_TC_870,VC_TC_868,VOC 조회,Vital Few,상세 화면,,,미작성,,,
VC_TC_871,VC_TC_869,VOC 조회,Vital Few,상세 화면,,,미작성,,,
VC_TC_872,VC_TC_870,VOC 조회,Vital Few,상세 화면,,,미작성,,,
VC_TC_873,VC_TC_871,VOC 조회,Vital Few,상세 화면,,,미작성,,,
VC_TC_874,VC_TC_872,VOC 조회,Vital Few,상세 화면,,,미작성,,,
VC_TC_875,VC_TC_873,VOC 조회,Vital Few,상세 화면,,,미작성,,,
VC_TC_876,VC_TC_874,VOC 조회,Vital Few,상세 화면,,,미작성,,,
VC_TC_877,VC_TC_875,VOC 조회,Vital Few,상세 화면,,,미작성,,,
VC_TC_878,VC_TC_876,VOC 조회,Vital Few,상세 화면,,,미작성,,,
VC_TC_879,VC_TC_877,VOC 조회,Vital Few,상세 화면,,,미작성,,,
VC_TC_880,VC_TC_878,VOC 조회,Vital Few,상세 화면,,,미작성,,,
VC_TC_881,VC_TC_879,VOC 조회,칭찬 파트너,,PASS,,미작성,,,
VC_TC_882,VC_TC_880,VOC 조회,칭찬 파트너,조회일자,PASS,,미작성,,,
VC_TC_883,VC_TC_881,VOC 조회,칭찬 파트너,조회일자,PASS,,미작성,,,
VC_TC_884,VC_TC_882,VOC 조회,칭찬 파트너,조회일자,PASS,,미작성,,,
VC_TC_885,VC_TC_883,VOC 조회,칭찬 파트너,조회일자,PASS,,미작성,,,
VC_TC_886,VC_TC_884,VOC 조회,칭찬 파트너,조회일자,PASS,,미작성,,,
VC_TC_887,VC_TC_885,VOC 조회,칭찬 파트너,조회일자,PASS,,미작성,,,
VC_TC_888,VC_TC_886,VOC 조회,칭찬 파트너,조회일자,PASS,,미작성,,,
VC_TC_889,VC_TC_887,VOC 조회,칭찬 파트너,파트너명,PASS,,미작성,,,
VC_TC_890,VC_TC_888,VOC 조회,칭찬 파트너,파트너명,,,미작성,,,
VC_TC_891,VC_TC_889,VOC 조회,칭찬 파트너,매장조회,PASS,,미작성,,,
VC_TC_892,VC_TC_890,VOC 조회,칭찬 파트너,매장조회,PASS,,미작성,,,
VC_TC_893,VC_TC_891,VOC 조회,칭찬 파트너,칭찬횟수,PASS,,미작성,,,
VC_TC_894,VC_TC_892,VOC 조회,칭찬 파트너,칭찬횟수,PASS,,미작성,,,
VC_TC_895,VC_TC_893,VOC 조회,칭찬 파트너,재직여부,PASS,,미작성,,,
VC_TC_896,VC_TC_894,VOC 조회,칭찬 파트너,재직여부,PASS,,미작성,,,
VC_TC_897,VC_TC_895,VOC 조회,칭찬 파트너,엑셀다운로드,PASS,,미작성,,,
VC_TC_898,VC_TC_896,VOC 조회,칭찬 파트너,검색 결과,PASS,,미작성,,,
VC_TC_899,VC_TC_897,VOC 조회,칭찬 파트너,검색 결과,PASS,,미작성,,,
VC_TC_900,VC_TC_898,VOC 조회,칭찬 파트너,검색 결과,PASS,,미작성,,,
VC_TC_901,VC_TC_899,VOC 조회,칭찬 파트너,검색 결과,PASS,,미작성,,,
VC_TC_902,VC_TC_900,VOC 조회,칭찬 파트너,검색 결과,PASS,,미작성,,,
VC_TC_903,VC_TC_901,VOC 조회,삭제 VOC,,PASS,,미작성,,,
VC_TC_904,VC_TC_902,VOC 조회,삭제 VOC,등록일,PASS,,미작성,,,
VC_TC_905,VC_TC_903,VOC 조회,삭제 VOC,등록일,PASS,,미작성,,,
VC_TC_906,VC_TC_904,VOC 조회,삭제 VOC,등록일,PASS,,미작성,,,
VC_TC_907,VC_TC_905,VOC 조회,삭제 VOC,진행단계,PASS,,미작성,,,
VC_TC_908,VC_TC_906,VOC 조회,삭제 VOC,진행단계,PASS,,미작성,,,
VC_TC_909,VC_TC_907,VOC 조회,삭제 VOC,고객센터,PASS,,미작성,,,
VC_TC_910,VC_TC_908,VOC 조회,삭제 VOC,고객센터,PASS,,미작성,,,
VC_TC_911,VC_TC_909,VOC 조회,삭제 VOC,채널,PASS,,미작성,,,
VC_TC_912,VC_TC_910,VOC 조회,삭제 VOC,채널,PASS,,미작성,,,
VC_TC_913,VC_TC_911,VOC 조회,삭제 VOC,채널,PASS,,미작성,,,
VC_TC_914,VC_TC_912,VOC 조회,삭제 VOC,채널,PASS,,미작성,,,
VC_TC_915,VC_TC_913,VOC 조회,삭제 VOC,문의유형,PASS,,미작성,,,
VC_TC_916,VC_TC_914,VOC 조회,삭제 VOC,문의유형,PASS,,미작성,,,
VC_TC_917,VC_TC_915,VOC 조회,삭제 VOC,분류,PASS,,미작성,,,
VC_TC_918,VC_TC_916,VOC 조회,삭제 VOC,분류,PASS,,미작성,,,
VC_TC_919,VC_TC_917,VOC 조회,삭제 VOC,분류,PASS,,미작성,,,
VC_TC_920,VC_TC_918,VOC 조회,삭제 VOC,분류,PASS,,미작성,,,
VC_TC_921,VC_TC_919,VOC 조회,삭제 VOC,분류,PASS,,미작성,,,
VC_TC_922,VC_TC_920,VOC 조회,삭제 VOC,분류,PASS,,미작성,,,
VC_TC_923,VC_TC_921,VOC 조회,삭제 VOC,분류,PASS,,미작성,,,
VC_TC_924,VC_TC_922,VOC 조회,삭제 VOC,분류,FAIL,Major,결함회귀,09_결함회귀_260916/02_VOC조회.json,VC_TC_924 [Major] 삭제 VOC 분류 자동완성 선택 → 대·중·소분류 자동 입력,
VC_TC_925,VC_TC_923,VOC 조회,삭제 VOC,접수자,PASS,,미작성,,,
VC_TC_926,VC_TC_924,VOC 조회,삭제 VOC,접수자,,,미작성,,,
VC_TC_927,VC_TC_925,VOC 조회,삭제 VOC,방문매장,PASS,,미작성,,,
VC_TC_928,VC_TC_926,VOC 조회,삭제 VOC,방문매장,,,미작성,,,
VC_TC_929,VC_TC_927,VOC 조회,삭제 VOC,답변진행,PASS,,미작성,,,
VC_TC_930,VC_TC_928,VOC 조회,삭제 VOC,답변진행,PASS,,미작성,,,
VC_TC_931,VC_TC_929,VOC 조회,삭제 VOC,답변진행,PASS,,미작성,,,
VC_TC_932,VC_TC_930,VOC 조회,삭제 VOC,답변진행,PASS,,미작성,,,
VC_TC_933,VC_TC_931,VOC 조회,삭제 VOC,답변진행,PASS,,미작성,,,
VC_TC_934,VC_TC_932,VOC 조회,삭제 VOC,검색,PASS,,미작성,,,
VC_TC_935,VC_TC_933,VOC 조회,삭제 VOC,검색,PASS,,미작성,,,
VC_TC_936,VC_TC_934,VOC 조회,삭제 VOC,검색,PASS,,미작성,,,
VC_TC_937,VC_TC_935,VOC 조회,삭제 VOC,검색,PASS,,미작성,,,
VC_TC_938,VC_TC_936,VOC 조회,삭제 VOC,검색,PASS,,미작성,,,
VC_TC_939,VC_TC_937,VOC 조회,삭제 VOC,검색,PASS,,미작성,,,
VC_TC_940,VC_TC_938,VOC 조회,삭제 VOC,검색,PASS,,미작성,,,
VC_TC_941,VC_TC_939,VOC 조회,삭제 VOC,검색,FAIL,Minor,결함회귀,09_결함회귀_260916/02_VOC조회.json,VC_TC_941 [Minor] 삭제 VOC 검색구분 '고객ID' 로 검색 → 결과 목록 출력,
VC_TC_942,VC_TC_940,VOC 조회,삭제 VOC,검색,FAIL,Minor,결함회귀,09_결함회귀_260916/02_VOC조회.json,VC_TC_942 [Minor] 삭제 VOC 검색구분 '고객명' 으로 검색 → 결과 목록 출력,
VC_TC_943,VC_TC_941,VOC 조회,삭제 VOC,검색,FAIL,Major,결함회귀,09_결함회귀_260916/02_VOC조회.json,VC_TC_943 [Major] 삭제 VOC 검색구분 '고객연락처' 로 검색 → 결과 목록 출력,
VC_TC_944,VC_TC_942,VOC 조회,삭제 VOC,공개/업무요청/공유 여부,PASS,,미작성,,,
VC_TC_945,VC_TC_943,VOC 조회,삭제 VOC,공개/업무요청/공유 여부,PASS,,미작성,,,
VC_TC_946,VC_TC_944,VOC 조회,삭제 VOC,공개/업무요청/공유 여부,PASS,,미작성,,,
VC_TC_947,VC_TC_945,VOC 조회,삭제 VOC,공개/업무요청/공유 여부,PASS,,미작성,,,
VC_TC_948,VC_TC_946,VOC 조회,삭제 VOC,검색 결과,PASS,,미작성,,,
VC_TC_949,VC_TC_947,VOC 조회,삭제 VOC,검색 결과,PASS,,미작성,,,
VC_TC_950,VC_TC_948,VOC 조회,삭제 VOC,검색 결과,PASS,,미작성,,,
VC_TC_951,VC_TC_949,VOC 조회,삭제 VOC,검색 결과,PASS,,미작성,,,
VC_TC_952,VC_TC_950,VOC 조회,삭제 VOC,검색 결과,PASS,,미작성,,,
VC_TC_953,VC_TC_951,VOC 조회,삭제 VOC,검색 결과,FAIL,Minor,결함회귀,09_결함회귀_260916/02_VOC조회.json,VC_TC_953 [Minor] 삭제 VOC 상세 화면 고객정보 영역 노출,
VC_TC_954,VC_TC_952,VOC 조회,삭제 VOC,상세 화면,,,미작성,,,
VC_TC_955,VC_TC_953,스토어 케어,,,PASS,,미작성,,,
VC_TC_956,VC_TC_954,스토어 케어,스토어 케어 접수현황,,PASS,,미작성,,,
VC_TC_957,VC_TC_955,스토어 케어,스토어 케어 접수현황,기준일자,PASS,,미작성,,,
VC_TC_958,VC_TC_956,스토어 케어,스토어 케어 접수현황,기준일자,PASS,,미작성,,,
VC_TC_959,VC_TC_957,스토어 케어,스토어 케어 접수현황,기준일자,PASS,,미작성,,,
VC_TC_960,VC_TC_958,스토어 케어,스토어 케어 접수현황,소속팀/지역,PASS,,미작성,,,
VC_TC_961,VC_TC_959,스토어 케어,스토어 케어 접수현황,소속팀/지역,PASS,,미작성,,,
VC_TC_962,VC_TC_960,스토어 케어,스토어 케어 접수현황,소속팀/지역,PASS,,미작성,,,
VC_TC_963,VC_TC_961,스토어 케어,스토어 케어 접수현황,엑셀다운로드,PASS,,미작성,,,
VC_TC_964,VC_TC_962,스토어 케어,스토어 케어 접수현황,검색 결과,PASS,,미작성,,,
VC_TC_965,VC_TC_963,스토어 케어,스토어 케어 접수현황,검색 결과,PASS,,미작성,,,
VC_TC_966,VC_TC_964,스토어 케어,스토어 케어 접수현황,검색 결과,PASS,,미작성,,,
VC_TC_967,VC_TC_965,스토어 케어,스토어 케어 접수현황,검색 결과,PASS,,미작성,,,
VC_TC_968,VC_TC_966,스토어 케어,스토어 케어 접수현황,검색 결과,PASS,,미작성,,,
VC_TC_969,VC_TC_967,스토어 케어,스토어 케어 처리,,PASS,,미작성,,,
VC_TC_970,VC_TC_968,스토어 케어,스토어 케어 처리,요청일자,PASS,,미작성,,,
VC_TC_971,VC_TC_969,스토어 케어,스토어 케어 처리,요청일자,PASS,,미작성,,,
VC_TC_972,VC_TC_970,스토어 케어,스토어 케어 처리,요청일자,PASS,,미작성,,,
VC_TC_973,VC_TC_971,스토어 케어,스토어 케어 처리,진행상태,PASS,,미작성,,,
VC_TC_974,VC_TC_972,스토어 케어,스토어 케어 처리,진행상태,PASS,,미작성,,,
VC_TC_975,VC_TC_973,스토어 케어,스토어 케어 처리,요청분류,PASS,,미작성,,,
VC_TC_976,VC_TC_974,스토어 케어,스토어 케어 처리,요청분류,PASS,,미작성,,,
VC_TC_977,VC_TC_975,스토어 케어,스토어 케어 처리,요청분류,PASS,,미작성,,,
VC_TC_978,VC_TC_976,스토어 케어,스토어 케어 처리,요청분류,PASS,,미작성,,,
VC_TC_979,VC_TC_977,스토어 케어,스토어 케어 처리,요청분류,PASS,,미작성,,,
VC_TC_980,VC_TC_978,스토어 케어,스토어 케어 처리,요청분류,PASS,,미작성,,,
VC_TC_981,VC_TC_979,스토어 케어,스토어 케어 처리,매장,PASS,,미작성,,,
VC_TC_982,VC_TC_980,스토어 케어,스토어 케어 처리,매장,PASS,,미작성,,,
VC_TC_983,VC_TC_981,스토어 케어,스토어 케어 처리,처리현황,PASS,,미작성,,,
VC_TC_984,VC_TC_982,스토어 케어,스토어 케어 처리,검색결과,PASS,,미작성,,,
VC_TC_985,VC_TC_983,스토어 케어,스토어 케어 처리,검색결과,PASS,,미작성,,,
VC_TC_986,VC_TC_984,스토어 케어,스토어 케어 처리,검색결과,PASS,,미작성,,,
VC_TC_987,VC_TC_985,스토어 케어,스토어 케어 처리,검색결과,PASS,,미작성,,,
VC_TC_988,VC_TC_986,스토어 케어,스토어 케어 처리,검색결과,PASS,,미작성,,,
VC_TC_989,VC_TC_987,스토어 케어,스토어 케어 처리,검색결과,PASS,,미작성,,,
VC_TC_990,VC_TC_988,스토어 케어,스토어 케어 처리,검색결과,PASS,,미작성,,,
VC_TC_991,VC_TC_989,스토어 케어,스토어 케어 처리,검색결과,,,미작성,,,
VC_TC_992,VC_TC_990,스토어 케어,스토어 케어 처리,검색결과,,,미작성,,,
VC_TC_993,VC_TC_991,스토어 케어,스토어 케어 처리,검색결과,,,미작성,,,
VC_TC_994,VC_TC_992,스토어 케어,스토어 케어 처리,검색결과,,,미작성,,,
VC_TC_995,VC_TC_993,스토어 케어,스토어 케어 처리,검색결과,,,미작성,,,
VC_TC_996,VC_TC_994,스토어 케어,스토어 케어 처리,검색결과,,,미작성,,,
VC_TC_997,VC_TC_995,스토어 케어,스토어 케어 처리,검색결과,,,미작성,,,
VC_TC_998,VC_TC_996,스토어 케어,스토어 케어 처리,검색결과,,,미작성,,,
VC_TC_999,VC_TC_997,스토어 케어,스토어 케어 처리,검색결과,,,미작성,,,
VC_TC_1000,VC_TC_998,스토어 케어,스토어 케어 처리,검색결과,,,미작성,,,
VC_TC_1001,VC_TC_999,스토어 케어,스토어 케어 처리,검색결과,,,미작성,,,
VC_TC_1002,VC_TC_1000,스토어 케어,스토어 케어 처리,검색결과,,,미작성,,,
VC_TC_1003,VC_TC_1001,스토어 케어,스토어 케어 처리,검색결과,,,미작성,,,
VC_TC_1004,VC_TC_1002,스토어 케어,스토어 케어 처리,검색결과,,,미작성,,,
VC_TC_1005,VC_TC_1003,스토어 케어,스토어 케어 처리,검색결과,,,미작성,,,
VC_TC_1006,VC_TC_1004,스토어 케어,스토어 케어 처리,검색결과,PASS,,미작성,,,
VC_TC_1007,VC_TC_1005,스토어 케어,스토어 케어 처리,검색결과,PASS,,미작성,,,
VC_TC_1008,VC_TC_1006,스토어 케어,스토어 케어 처리,검색결과,FAIL,Minor,결함회귀,09_결함회귀_260916/03_스토어케어_CE.json,VC_TC_1008 [Minor] 스토어 케어 처리 목록 더블클릭 → 개인정보 상세 팝업(Page Not Found 아님),
VC_TC_1009,VC_TC_1007,스토어 케어,스토어 케어 처리,검색결과,PASS,,미작성,,,
VC_TC_1010,VC_TC_1008,스토어 케어,스토어 케어 처리,검색결과,PASS,,미작성,,,
VC_TC_1011,VC_TC_1009,스토어 케어,스토어 케어 처리,검색결과,PASS,,미작성,,,
VC_TC_1012,VC_TC_1010,스토어 케어,스토어 케어 처리,검색결과,PASS,,미작성,,,
VC_TC_1013,VC_TC_1011,CE,,,PASS,,기존,04_CE/ce-opinion-view.json,"VC_TC_1013,1014 CE 고객의견 조회 화면 진입(기준년월·조회구분·소속팀/지역·주관부서·검색결과)",
VC_TC_1014,VC_TC_1012,CE,CE 고객의견 조회,,PASS,,미작성,,,
VC_TC_1015,VC_TC_1013,CE,CE 고객의견 조회,기준년월,PASS,,기존,04_CE/ce-opinion-view.json,VC_TC_1015~1017 기준년월 기본값(당해년월)·연도(2017~2026)·월(1~12) 셀렉트 항목,
VC_TC_1016,VC_TC_1014,CE,CE 고객의견 조회,기준년월,PASS,,미작성,,,
VC_TC_1017,VC_TC_1015,CE,CE 고객의견 조회,기준년월,PASS,,미작성,,,
VC_TC_1018,VC_TC_1016,CE,CE 고객의견 조회,기준년월,PASS,,기존,04_CE/ce-opinion-view.json,VC_TC_1018 기준년월 연도/월 선택 후 검색 → 오류 없이 결과 표시,
VC_TC_1019,VC_TC_1017,CE,CE 고객의견 조회,조회 구분,PASS,,기존,04_CE/ce-opinion-view.json,VC_TC_1019~1021 조회구분 기본 원본조회 → 원본조회 컬럼(의견유형/분류/주관부서 숨김) → 마감조회 컬럼 표시,
VC_TC_1020,VC_TC_1018,CE,CE 고객의견 조회,조회 구분,PASS,,미작성,,,
VC_TC_1021,VC_TC_1019,CE,CE 고객의견 조회,조회 구분,PASS,,미작성,,,
VC_TC_1022,VC_TC_1020,CE,CE 고객의견 조회,소속팀/지역,PASS,,미작성,,,
VC_TC_1023,VC_TC_1021,CE,CE 고객의견 조회,소속팀/지역,PASS,,기존,04_CE/ce-opinion-view.json,VC_TC_1023 소속팀/지역 부서검색 팝업 → 검색·선택·확인 → 입력필드 + 조직도 경로 표시,
VC_TC_1024,VC_TC_1022,CE,CE 고객의견 조회,주관부서,PASS,,미작성,,,
VC_TC_1025,VC_TC_1023,CE,CE 고객의견 조회,주관부서,PASS,,기존,04_CE/ce-opinion-view.json,VC_TC_1025 주관부서 부서검색 팝업 → 검색·선택·확인 → 주관부서 입력필드 표시,
VC_TC_1026,VC_TC_1024,CE,CE 고객의견 조회,검색 결과,PASS,,기존,04_CE/ce-opinion-view.json,"VC_TC_1026,1028 검색결과 페이징 UI(Total·페이지 이동)·Rows/Page 항목(10/20/50/100, 기본 10)",
VC_TC_1027,VC_TC_1025,CE,CE 고객의견 조회,검색 결과,PASS,,미작성,,,
VC_TC_1028,VC_TC_1026,CE,CE 고객의견 조회,검색 결과,PASS,,미작성,,,
VC_TC_1029,VC_TC_1027,CE,CE 고객의견 조회,검색 결과,PASS,,미작성,,,
VC_TC_1030,VC_TC_1028,CE,CE 고객의견 관리,,PASS,,미작성,,,
VC_TC_1031,VC_TC_1029,CE,CE 고객의견 관리,기준일구분,PASS,,미작성,,,
VC_TC_1032,VC_TC_1030,CE,CE 고객의견 관리,기준일구분,PASS,,미작성,,,
VC_TC_1033,VC_TC_1031,CE,CE 고객의견 관리,기준일자,PASS,,미작성,,,
VC_TC_1034,VC_TC_1032,CE,CE 고객의견 관리,기준일자,PASS,,미작성,,,
VC_TC_1035,VC_TC_1033,CE,CE 고객의견 관리,기준일자,PASS,,미작성,,,
VC_TC_1036,VC_TC_1034,CE,CE 고객의견 관리,처리상태,PASS,,미작성,,,
VC_TC_1037,VC_TC_1035,CE,CE 고객의견 관리,처리상태,PASS,,미작성,,,
VC_TC_1038,VC_TC_1036,CE,CE 고객의견 관리,처리상태,PASS,,미작성,,,
VC_TC_1039,VC_TC_1037,CE,CE 고객의견 관리,처리상태,PASS,,미작성,,,
VC_TC_1040,VC_TC_1038,CE,CE 고객의견 관리,소속팀/지역,PASS,,미작성,,,
VC_TC_1041,VC_TC_1039,CE,CE 고객의견 관리,소속팀/지역,PASS,,미작성,,,
VC_TC_1042,VC_TC_1040,CE,CE 고객의견 관리,주관부서,PASS,,미작성,,,
VC_TC_1043,VC_TC_1041,CE,CE 고객의견 관리,주관부서,PASS,,미작성,,,
VC_TC_1044,VC_TC_1042,CE,CE 고객의견 관리,엑셀다운로드,PASS,,미작성,,,
VC_TC_1045,VC_TC_1043,CE,CE 고객의견 관리,의견유형,PASS,,미작성,,,
VC_TC_1046,VC_TC_1044,CE,CE 고객의견 관리,의견유형,PASS,,미작성,,,
VC_TC_1047,VC_TC_1045,CE,CE 고객의견 관리,분류,PASS,,미작성,,,
VC_TC_1048,VC_TC_1046,CE,CE 고객의견 관리,분류,PASS,,미작성,,,
VC_TC_1049,VC_TC_1047,CE,CE 고객의견 관리,주관부서,PASS,,미작성,,,
VC_TC_1050,VC_TC_1048,CE,CE 고객의견 관리,주관부서,PASS,,미작성,,,
VC_TC_1051,VC_TC_1049,CE,CE 고객의견 관리,삭제,PASS,,미작성,,,
VC_TC_1052,VC_TC_1050,CE,CE 고객의견 관리,저장,PASS,,미작성,,,
VC_TC_1053,VC_TC_1051,CE,CE 고객의견 관리,저장,PASS,,미작성,,,
VC_TC_1054,VC_TC_1052,CE,CE 고객의견 관리,저장,PASS,,미작성,,,
VC_TC_1055,VC_TC_1053,CE,CE 고객의견 관리,검색 결과,PASS,,미작성,,,
VC_TC_1056,VC_TC_1054,CE,CE 고객의견 관리,검색 결과,PASS,,미작성,,,
VC_TC_1057,VC_TC_1055,CE,CE 고객의견 관리,검색 결과,PASS,,미작성,,,
VC_TC_1058,VC_TC_1056,CE,CE 고객의견 관리,검색 결과,PASS,,미작성,,,
VC_TC_1059,VC_TC_1057,CE,CE 마감,,PASS,,미작성,,,
VC_TC_1060,VC_TC_1058,CE,CE 마감,CE회계월 캘린더 등록,PASS,,미작성,,,
VC_TC_1061,VC_TC_1059,CE,CE 마감,CE회계월 캘린더 등록,PASS,,미작성,,,
VC_TC_1062,VC_TC_1060,CE,CE 마감,CE회계월 캘린더 등록,PASS,,미작성,,,
VC_TC_1063,VC_TC_1061,CE,CE 마감,CE회계월 캘린더 등록,PASS,,미작성,,,
VC_TC_1064,VC_TC_1062,CE,CE 마감,CE회계월 캘린더 등록,PASS,,미작성,,,
VC_TC_1065,VC_TC_1063,CE,CE 마감,CE회계월 캘린더 등록,PASS,,미작성,,,
VC_TC_1066,VC_TC_1064,CE,CE 마감,CE회계월 캘린더 등록,PASS,,미작성,,,
VC_TC_1067,VC_TC_1065,CE,CE 마감,CE회계월 캘린더 등록,PASS,,미작성,,,
VC_TC_1068,VC_TC_1066,CE,CE 마감,CE회계월 캘린더 등록,PASS,,미작성,,,
VC_TC_1069,VC_TC_1067,CE,CE 마감,CE회계월 캘린더 등록,PASS,,미작성,,,
VC_TC_1070,VC_TC_1068,CE,CE 마감,CE회계월 캘린더 등록,PASS,,미작성,,,
VC_TC_1071,VC_TC_1069,CE,CE 마감,기준년월,PASS,,미작성,,,
VC_TC_1072,VC_TC_1070,CE,CE 마감,기준년월,PASS,,미작성,,,
VC_TC_1073,VC_TC_1071,CE,CE 마감,기준년월,PASS,,미작성,,,
VC_TC_1074,VC_TC_1072,CE,CE 마감,기준년월,PASS,,미작성,,,
VC_TC_1075,VC_TC_1073,CE,CE 마감,기준년월,PASS,,미작성,,,
VC_TC_1076,VC_TC_1074,CE,CE 마감,기준일,PASS,,미작성,,,
VC_TC_1077,VC_TC_1075,CE,CE 마감,특이사항,PASS,,미작성,,,
VC_TC_1078,VC_TC_1076,CE,CE 마감,특이사항,PASS,,미작성,,,
VC_TC_1079,VC_TC_1077,CE,CE 마감,마감,PASS,,미작성,,,
VC_TC_1080,VC_TC_1078,CE,CE 마감,마감,PASS,,미작성,,,
VC_TC_1081,VC_TC_1079,CE,CE 마감,마감,PASS,,미작성,,,
VC_TC_1082,VC_TC_1080,CE,CE 마감,업로드,PASS,,미작성,,,
VC_TC_1083,VC_TC_1081,CE,CE 마감,업로드,FAIL,Minor,결함회귀,09_결함회귀_260916/03_스토어케어_CE.json,VC_TC_1083 [Minor] CE 마감 목록 [업로드] → 작업 완료 알림,
VC_TC_1084,VC_TC_1082,CE,CE 마감,업로드,PASS,,미작성,,,
VC_TC_1085,VC_TC_1083,CE,CE 마감,검색 결과,PASS,,미작성,,,
VC_TC_1086,VC_TC_1084,CE,CE 마감,검색 결과,PASS,,미작성,,,
VC_TC_1087,VC_TC_1085,CE,CE 마감,검색 결과,PASS,,미작성,,,
VC_TC_1088,VC_TC_1086,CE,CE 마감,검색 결과,PASS,,미작성,,,
VC_TC_1089,VC_TC_1087,CE,CE 마감,검색 결과,PASS,,미작성,,,
VC_TC_1090,VC_TC_1088,CE,CE 마감,검색 결과,PASS,,미작성,,,
VC_TC_1091,VC_TC_1089,CE,CE 마감,검색 결과,PASS,,미작성,,,
VC_TC_1092,VC_TC_1090,CE,CE 마감,검색 결과,PASS,,미작성,,,
VC_TC_1093,VC_TC_1091,CE,CE 마감,검색 결과,PASS,,미작성,,,
VC_TC_1094,VC_TC_1092,CE,CE 마감,검색 결과,PASS,,미작성,,,
VC_TC_1095,VC_TC_1093,통계,VOC 업무 통계(처리부서),,PASS,,미작성,,,
VC_TC_1096,VC_TC_1094,통계,VOC 업무 통계(처리부서),기간,PASS,,미작성,,,
VC_TC_1097,VC_TC_1095,통계,VOC 업무 통계(처리부서),기간,PASS,,미작성,,,
VC_TC_1098,VC_TC_1096,통계,VOC 업무 통계(처리부서),기간,PASS,,미작성,,,
VC_TC_1099,VC_TC_1097,통계,VOC 업무 통계(처리부서),기간,PASS,,미작성,,,
VC_TC_1100,VC_TC_1098,통계,VOC 업무 통계(처리부서),기간,PASS,,미작성,,,
VC_TC_1101,VC_TC_1099,통계,VOC 업무 통계(처리부서),주관부서,PASS,,미작성,,,
VC_TC_1102,VC_TC_1100,통계,VOC 업무 통계(처리부서),주관부서,PASS,,미작성,,,
VC_TC_1103,VC_TC_1101,통계,VOC 업무 통계(처리부서),검색 결과,,,미작성,,,
VC_TC_1104,VC_TC_1102,통계,문항별 스토어 케어 현황,,PASS,,미작성,,,
VC_TC_1105,VC_TC_1103,통계,문항별 스토어 케어 현황,기간,PASS,,미작성,,,
VC_TC_1106,VC_TC_1104,통계,문항별 스토어 케어 현황,기간,PASS,,미작성,,,
VC_TC_1107,VC_TC_1105,통계,문항별 스토어 케어 현황,기간,PASS,,미작성,,,
VC_TC_1108,VC_TC_1106,통계,문항별 스토어 케어 현황,기간,PASS,,미작성,,,
VC_TC_1109,VC_TC_1107,통계,문항별 스토어 케어 현황,문항,PASS,,미작성,,,
VC_TC_1110,VC_TC_1108,통계,문항별 스토어 케어 현황,문항,PASS,,미작성,,,
VC_TC_1111,VC_TC_1109,통계,문항별 스토어 케어 현황,문항,PASS,,미작성,,,
VC_TC_1112,VC_TC_1110,통계,문항별 스토어 케어 현황,문항,PASS,,미작성,,,
VC_TC_1113,VC_TC_1111,통계,문항별 스토어 케어 현황,문항,PASS,,미작성,,,
VC_TC_1114,VC_TC_1112,통계,문항별 스토어 케어 현황,문항,PASS,,미작성,,,
VC_TC_1115,VC_TC_1113,통계,문항별 스토어 케어 현황,문항,PASS,,미작성,,,
VC_TC_1116,VC_TC_1114,통계,문항별 스토어 케어 현황,매장,PASS,,미작성,,,
VC_TC_1117,VC_TC_1115,통계,문항별 스토어 케어 현황,매장,PASS,,미작성,,,
VC_TC_1118,VC_TC_1116,통계,문항별 스토어 케어 현황,검색 결과,PASS,,미작성,,,
VC_TC_1119,VC_TC_1117,통계,문항별 스토어 케어 현황,검색 결과,PASS,,미작성,,,
VC_TC_1120,VC_TC_1118,통계,매장별 스토어 케어 현황,,PASS,,미작성,,,
VC_TC_1121,VC_TC_1119,통계,매장별 스토어 케어 현황,기간,PASS,,미작성,,,
VC_TC_1122,VC_TC_1120,통계,매장별 스토어 케어 현황,기간,PASS,,미작성,,,
VC_TC_1123,VC_TC_1121,통계,매장별 스토어 케어 현황,기간,PASS,,미작성,,,
VC_TC_1124,VC_TC_1122,통계,매장별 스토어 케어 현황,기간,PASS,,미작성,,,
VC_TC_1125,VC_TC_1123,통계,매장별 스토어 케어 현황,문항,PASS,,미작성,,,
VC_TC_1126,VC_TC_1124,통계,매장별 스토어 케어 현황,문항,PASS,,미작성,,,
VC_TC_1127,VC_TC_1125,통계,매장별 스토어 케어 현황,문항,PASS,,미작성,,,
VC_TC_1128,VC_TC_1126,통계,매장별 스토어 케어 현황,문항,PASS,,미작성,,,
VC_TC_1129,VC_TC_1127,통계,매장별 스토어 케어 현황,문항,PASS,,미작성,,,
VC_TC_1130,VC_TC_1128,통계,매장별 스토어 케어 현황,문항,PASS,,미작성,,,
VC_TC_1131,VC_TC_1129,통계,매장별 스토어 케어 현황,매장,PASS,,미작성,,,
VC_TC_1132,VC_TC_1130,통계,매장별 스토어 케어 현황,매장,PASS,,미작성,,,
VC_TC_1133,VC_TC_1131,통계,매장별 스토어 케어 현황,매장,PASS,,미작성,,,
VC_TC_1134,VC_TC_1132,통계,매장별 스토어 케어 현황,검색 결과,PASS,,미작성,,,
VC_TC_1135,VC_TC_1133,통계,매장별 스토어 케어 현황,검색 결과,PASS,,미작성,,,
VC_TC_1136,VC_TC_1134,통계,매장별 스토어 케어 현황,검색 결과,PASS,,미작성,,,
VC_TC_1137,VC_TC_1135,통계,매장별 스토어 케어 현황,검색 결과,PASS,,미작성,,,
VC_TC_1138,VC_TC_1136,통계,매장별 스토어 케어 현황,검색 결과,PASS,,미작성,,,
VC_TC_1139,VC_TC_1137,통계,매장별 스토어 케어 현황,검색 결과,PASS,,미작성,,,
VC_TC_1140,VC_TC_1138,통계,매장별 스토어 케어 현황,검색 결과,PASS,,미작성,,,
VC_TC_1141,VC_TC_1139,통계,매장별 스토어 케어 현황,검색 결과,PASS,,미작성,,,
VC_TC_1142,VC_TC_1140,통계,고객별 스토어 케어 현황,,PASS,,미작성,,,
VC_TC_1143,VC_TC_1141,통계,고객별 스토어 케어 현황,기간,PASS,,미작성,,,
VC_TC_1144,VC_TC_1142,통계,고객별 스토어 케어 현황,기간,PASS,,미작성,,,
VC_TC_1145,VC_TC_1143,통계,고객별 스토어 케어 현황,기간,PASS,,미작성,,,
VC_TC_1146,VC_TC_1144,통계,고객별 스토어 케어 현황,기간,PASS,,미작성,,,
VC_TC_1147,VC_TC_1145,통계,고객별 스토어 케어 현황,문항,PASS,,미작성,,,
VC_TC_1148,VC_TC_1146,통계,고객별 스토어 케어 현황,문항,PASS,,미작성,,,
VC_TC_1149,VC_TC_1147,통계,고객별 스토어 케어 현황,문항,PASS,,미작성,,,
VC_TC_1150,VC_TC_1148,통계,고객별 스토어 케어 현황,문항,PASS,,미작성,,,
VC_TC_1151,VC_TC_1149,통계,고객별 스토어 케어 현황,문항,PASS,,미작성,,,
VC_TC_1152,VC_TC_1150,통계,고객별 스토어 케어 현황,문항,PASS,,미작성,,,
VC_TC_1153,VC_TC_1151,통계,고객별 스토어 케어 현황,매장,PASS,,미작성,,,
VC_TC_1154,VC_TC_1152,통계,고객별 스토어 케어 현황,매장,PASS,,미작성,,,
VC_TC_1155,VC_TC_1153,통계,고객별 스토어 케어 현황,매장,PASS,,미작성,,,
VC_TC_1156,VC_TC_1154,통계,고객별 스토어 케어 현황,검색 결과,PASS,,미작성,,,
VC_TC_1157,VC_TC_1155,통계,고객별 스토어 케어 현황,검색 결과,PASS,,미작성,,,
VC_TC_1158,VC_TC_1156,통계,고객별 스토어 케어 현황,검색 결과,PASS,,미작성,,,
VC_TC_1159,VC_TC_1157,통계,고객별 스토어 케어 현황,검색 결과,PASS,,미작성,,,
VC_TC_1160,VC_TC_1158,통계,고객별 스토어 케어 현황,검색 결과,PASS,,미작성,,,
VC_TC_1161,VC_TC_1159,통계,고객별 스토어 케어 현황,검색 결과,PASS,,미작성,,,
VC_TC_1162,VC_TC_1160,통계,고객별 스토어 케어 현황,검색 결과,PASS,,미작성,,,
VC_TC_1163,VC_TC_1161,통계,고객별 스토어 케어 현황,검색 결과,PASS,,미작성,,,
VC_TC_1164,VC_TC_1162,VOC 설정,VOC 분류관리,,PASS,,미작성,,,
VC_TC_1165,VC_TC_1163,VOC 설정,VOC 분류관리,,PASS,,미작성,,,
VC_TC_1166,VC_TC_1164,VOC 설정,VOC 분류관리,분류구조,PASS,,미작성,,,
VC_TC_1167,VC_TC_1165,VOC 설정,VOC 분류관리,분류구조,PASS,,미작성,,,
VC_TC_1168,VC_TC_1166,VOC 설정,VOC 분류관리,분류구조,PASS,,미작성,,,
VC_TC_1169,VC_TC_1167,VOC 설정,VOC 분류관리,분류구조,PASS,,미작성,,,
VC_TC_1170,VC_TC_1168,VOC 설정,VOC 분류관리,분류상세,PASS,,미작성,,,
VC_TC_1171,VC_TC_1169,VOC 설정,VOC 분류관리,분류상세,PASS,,미작성,,,
VC_TC_1172,VC_TC_1170,VOC 설정,VOC 분류관리,분류상세,PASS,,미작성,,,
VC_TC_1173,VC_TC_1171,VOC 설정,VOC 분류관리,분류상세,PASS,,미작성,,,
VC_TC_1174,VC_TC_1172,VOC 설정,VOC 분류관리,분류상세,PASS,,미작성,,,
VC_TC_1175,VC_TC_1173,VOC 설정,VOC 분류관리,분류상세,PASS,,미작성,,,
VC_TC_1176,VC_TC_1174,VOC 설정,VOC 분류관리,분류상세,PASS,,미작성,,,
VC_TC_1177,VC_TC_1175,VOC 설정,VOC 분류관리,분류상세,PASS,,미작성,,,
VC_TC_1178,VC_TC_1176,VOC 설정,VOC 분류관리,분류상세,PASS,,미작성,,,
VC_TC_1179,VC_TC_1177,VOC 설정,VOC 분류관리,분류상세,PASS,,미작성,,,
VC_TC_1180,VC_TC_1178,VOC 설정,VOC 분류관리,분류상세,PASS,,미작성,,,
VC_TC_1181,VC_TC_1179,VOC 설정,VOC 분류관리,분류상세,PASS,,미작성,,,
VC_TC_1182,VC_TC_1180,VOC 설정,VOC 분류관리,분류상세,PASS,,미작성,,,
VC_TC_1183,VC_TC_1181,VOC 설정,VOC 분류관리,분류상세,PASS,,미작성,,,
VC_TC_1184,VC_TC_1182,VOC 설정,VOC 분류관리,분류상세,PASS,,미작성,,,
VC_TC_1185,VC_TC_1183,VOC 설정,VOC 분류관리,등록정보,PASS,,미작성,,,
VC_TC_1186,VC_TC_1184,VOC 설정,VOC 분류관리,분류상세,PASS,,미작성,,,
VC_TC_1187,VC_TC_1185,VOC 설정,VOC 분류관리,분류상세,PASS,,미작성,,,
VC_TC_1188,VC_TC_1186,VOC 설정,VOC 분류관리,분류상세,PASS,,미작성,,,
VC_TC_1189,VC_TC_1187,VOC 설정,VOC 분류관리,분류상세,PASS,,미작성,,,
VC_TC_1190,VC_TC_1188,VOC 설정,VOC 분류관리,등록정보,PASS,,미작성,,,
VC_TC_1191,VC_TC_1189,VOC 설정,VOC 분류관리,분류상세,PASS,,미작성,,,
VC_TC_1192,VC_TC_1190,VOC 설정,스토어 케어 분류관리,,PASS,,미작성,,,
VC_TC_1193,VC_TC_1191,VOC 설정,스토어 케어 분류관리,분류구조,PASS,,미작성,,,
VC_TC_1194,VC_TC_1192,VOC 설정,스토어 케어 분류관리,분류구조,PASS,,미작성,,,
VC_TC_1195,VC_TC_1193,VOC 설정,스토어 케어 분류관리,분류구조,PASS,,미작성,,,
VC_TC_1196,VC_TC_1194,VOC 설정,스토어 케어 분류관리,분류구조,PASS,,미작성,,,
VC_TC_1197,VC_TC_1195,VOC 설정,스토어 케어 분류관리,분류구조,PASS,,미작성,,,
VC_TC_1198,VC_TC_1196,VOC 설정,스토어 케어 분류관리,상세,PASS,,미작성,,,
VC_TC_1199,VC_TC_1197,VOC 설정,스토어 케어 분류관리,상세,PASS,,미작성,,,
VC_TC_1200,VC_TC_1198,VOC 설정,스토어 케어 분류관리,상세,PASS,,미작성,,,
VC_TC_1201,VC_TC_1199,VOC 설정,스토어 케어 분류관리,상세,PASS,,미작성,,,
VC_TC_1202,VC_TC_1200,VOC 설정,스토어 케어 분류관리,상세,PASS,,미작성,,,
VC_TC_1203,VC_TC_1201,VOC 설정,스토어 케어 분류관리,상세,PASS,,미작성,,,
VC_TC_1204,VC_TC_1202,VOC 설정,스토어 케어 분류관리,상세,FAIL,Minor,결함회귀,09_결함회귀_260916/04_VOC설정.json,VC_TC_1204 [Minor] 스토어케어 분류관리 유형코드에 한글 입력 시 저장되지 않아야 함,
VC_TC_1205,VC_TC_1203,VOC 설정,스토어 케어 분류관리,상세,PASS,,미작성,,,
VC_TC_1206,VC_TC_1204,VOC 설정,스토어 케어 분류관리,상세,FAIL,Minor,결함회귀,09_결함회귀_260916/04_VOC설정.json,VC_TC_1206 [Minor] 스토어케어 분류관리 신규등록 사용여부 기본값 Yes,
VC_TC_1207,VC_TC_1205,VOC 설정,스토어 케어 분류관리,상세,PASS,,미작성,,,
VC_TC_1208,VC_TC_1206,VOC 설정,스토어 케어 분류관리,미리보기,PASS,,미작성,,,
VC_TC_1209,VC_TC_1207,VOC 설정,스토어 케어 분류관리,미리보기,PASS,,미작성,,,
VC_TC_1210,VC_TC_1208,VOC 설정,스토어 케어 분류관리,저장,PASS,,미작성,,,
VC_TC_1211,VC_TC_1209,VOC 설정,스토어 케어 분류관리,저장,PASS,,미작성,,,
VC_TC_1212,VC_TC_1210,VOC 설정,스토어 케어 분류관리,저장,PASS,,미작성,,,
VC_TC_1213,VC_TC_1211,VOC 설정,스토어 케어 분류관리,신규등록,PASS,,미작성,,,
VC_TC_1214,VC_TC_1212,VOC 설정,스토어 케어 분류관리,저장,PASS,,미작성,,,
VC_TC_1215,VC_TC_1213,VOC 설정,스토어 케어 분류관리,저장,PASS,,미작성,,,
VC_TC_1216,VC_TC_1214,VOC 설정,스토어 케어 분류관리,저장,PASS,,미작성,,,
VC_TC_1217,VC_TC_1215,VOC 설정,스토어 케어 분류관리,저장,PASS,,미작성,,,
VC_TC_1218,VC_TC_1216,VOC 설정,스토어 케어 분류관리,저장,PASS,,미작성,,,
VC_TC_1219,VC_TC_1217,VOC 설정,스토어 케어 분류관리,저장,PASS,,미작성,,,
VC_TC_1220,VC_TC_1218,VOC 설정,스토어 케어 분류관리,상위 메뉴,PASS,,미작성,,,
VC_TC_1221,VC_TC_1219,VOC 설정,스토어 케어 분류관리,상위 메뉴,PASS,,미작성,,,
VC_TC_1222,VC_TC_1220,VOC 설정,스토어 케어 분류관리,상위 메뉴,PASS,,미작성,,,
VC_TC_1223,VC_TC_1221,VOC 설정,스토어 케어 분류관리,상위 메뉴,PASS,,미작성,,,
VC_TC_1224,VC_TC_1222,VOC 설정,스토어 케어 분류관리,상위 메뉴,PASS,,미작성,,,
VC_TC_1225,VC_TC_1223,VOC 설정,스토어 케어 분류관리,세부 메뉴,PASS,,미작성,,,
VC_TC_1226,VC_TC_1224,VOC 설정,스토어 케어 분류관리,세부 메뉴,PASS,,미작성,,,
VC_TC_1227,VC_TC_1225,VOC 설정,스토어 케어 분류관리,세부 메뉴,PASS,,미작성,,,
VC_TC_1228,VC_TC_1226,VOC 설정,VOC 배분관리,,PASS,,미작성,,,
VC_TC_1229,VC_TC_1227,VOC 설정,VOC 배분관리,일반 추가,PASS,,미작성,,,
VC_TC_1230,VC_TC_1228,VOC 설정,VOC 배분관리,일반 추가,PASS,,미작성,,,
VC_TC_1231,VC_TC_1229,VOC 설정,VOC 배분관리,일반 추가,PASS,,미작성,,,
VC_TC_1232,VC_TC_1230,VOC 설정,VOC 배분관리,일반 추가,PASS,,미작성,,,
VC_TC_1233,VC_TC_1231,VOC 설정,VOC 배분관리,일반 추가,PASS,,미작성,,,
VC_TC_1234,VC_TC_1232,VOC 설정,VOC 배분관리,일반 추가,PASS,,미작성,,,
VC_TC_1235,VC_TC_1233,VOC 설정,VOC 배분관리,일반 추가,PASS,,미작성,,,
VC_TC_1236,VC_TC_1234,VOC 설정,VOC 배분관리,일반 추가,FAIL,Minor,결함회귀,09_결함회귀_260916/04_VOC설정.json,VC_TC_1236 [Minor] VOC 배분관리 일반 추가 저장 후 목록에 즉시 표시,
VC_TC_1237,VC_TC_1235,VOC 설정,VOC 배분관리,일반 저장,PASS,,미작성,,,
VC_TC_1238,VC_TC_1236,VOC 설정,VOC 배분관리,일반 저장,PASS,,미작성,,,
VC_TC_1239,VC_TC_1237,VOC 설정,VOC 배분관리,일반 저장,PASS,,미작성,,,
VC_TC_1240,VC_TC_1238,VOC 설정,VOC 배분관리,일반 삭제,PASS,,미작성,,,
VC_TC_1241,VC_TC_1239,VOC 설정,VOC 배분관리,일반 삭제,PASS,,미작성,,,
VC_TC_1242,VC_TC_1240,VOC 설정,VOC 배분관리,일반 삭제,PASS,,미작성,,,
VC_TC_1243,VC_TC_1241,VOC 설정,VOC 배분관리,일반 삭제,,,미작성,,,
VC_TC_1244,VC_TC_1242,VOC 설정,VOC 배분관리,Vital Few 추가,PASS,,미작성,,,
VC_TC_1245,VC_TC_1243,VOC 설정,VOC 배분관리,Vital Few 추가,FAIL,Minor,결함회귀,09_결함회귀_260916/04_VOC설정.json,VC_TC_1245 [Minor] VOC 배분관리 Vital Few 추가 저장 후 목록에 즉시 표시,
VC_TC_1246,VC_TC_1244,VOC 설정,VOC 배분관리,Vital Few 저장,PASS,,미작성,,,
VC_TC_1247,VC_TC_1245,VOC 설정,VOC 배분관리,Vital Few 삭제,PASS,,미작성,,,
VC_TC_1248,VC_TC_1246,VOC 설정,VOC 배분관리,Vital Few 삭제,,,미작성,,,
VC_TC_1249,VC_TC_1247,VOC 설정,순차배분 예외관리,,PASS,,미작성,,,
VC_TC_1250,VC_TC_1248,VOC 설정,순차배분 예외관리,적용기간,PASS,,미작성,,,
VC_TC_1251,VC_TC_1249,VOC 설정,순차배분 예외관리,적용기간,PASS,,미작성,,,
VC_TC_1252,VC_TC_1250,VOC 설정,순차배분 예외관리,적용기간,PASS,,미작성,,,
VC_TC_1253,VC_TC_1251,VOC 설정,순차배분 예외관리,배분자,PASS,,미작성,,,
VC_TC_1254,VC_TC_1252,VOC 설정,순차배분 예외관리,배분자,PASS,,미작성,,,
VC_TC_1255,VC_TC_1253,VOC 설정,순차배분 예외관리,배분자,PASS,,미작성,,,
VC_TC_1256,VC_TC_1254,VOC 설정,순차배분 예외관리,배분자,PASS,,미작성,,,
VC_TC_1257,VC_TC_1255,VOC 설정,순차배분 예외관리,상태,PASS,,미작성,,,
VC_TC_1258,VC_TC_1256,VOC 설정,순차배분 예외관리,상태,PASS,,미작성,,,
VC_TC_1259,VC_TC_1257,VOC 설정,순차배분 예외관리,등록,PASS,,미작성,,,
VC_TC_1260,VC_TC_1258,VOC 설정,순차배분 예외관리,등록,PASS,,미작성,,,
VC_TC_1261,VC_TC_1259,VOC 설정,순차배분 예외관리,등록,PASS,,미작성,,,
VC_TC_1262,VC_TC_1260,VOC 설정,순차배분 예외관리,등록,PASS,,미작성,,,
VC_TC_1263,VC_TC_1261,VOC 설정,순차배분 예외관리,등록,PASS,,미작성,,,
VC_TC_1264,VC_TC_1262,VOC 설정,순차배분 예외관리,등록,PASS,,미작성,,,
VC_TC_1265,VC_TC_1263,VOC 설정,순차배분 예외관리,등록,PASS,,미작성,,,
VC_TC_1266,VC_TC_1264,VOC 설정,순차배분 예외관리,등록,PASS,,미작성,,,
VC_TC_1267,VC_TC_1265,VOC 설정,순차배분 예외관리,등록,FAIL,Minor,결함회귀,09_결함회귀_260916/04_VOC설정.json,VC_TC_1267 [Minor] 순차배분 예외관리 중복 적용기간 등록 시 검증 알림,
VC_TC_1268,VC_TC_1266,VOC 설정,순차배분 예외관리,등록,PASS,,미작성,,,
VC_TC_1269,VC_TC_1267,VOC 설정,순차배분 예외관리,등록,PASS,,미작성,,,
VC_TC_1270,VC_TC_1268,VOC 설정,순차배분 예외관리,등록,PASS,,미작성,,,
VC_TC_1271,VC_TC_1269,VOC 설정,순차배분 예외관리,등록,PASS,,미작성,,,
VC_TC_1272,VC_TC_1270,VOC 설정,순차배분 예외관리,삭제,PASS,,미작성,,,
VC_TC_1273,VC_TC_1271,VOC 설정,순차배분 예외관리,삭제,PASS,,미작성,,,
VC_TC_1274,VC_TC_1272,VOC 설정,순차배분 예외관리,삭제,PASS,,미작성,,,
VC_TC_1275,VC_TC_1273,VOC 설정,순차배분 예외관리,삭제,PASS,,미작성,,,
VC_TC_1276,VC_TC_1274,VOC 설정,순차배분 예외관리,검색 결과,PASS,,미작성,,,
VC_TC_1277,VC_TC_1275,VOC 설정,순차배분 예외관리,검색 결과,PASS,,미작성,,,
VC_TC_1278,VC_TC_1276,VOC 설정,순차배분 예외관리,검색 결과,PASS,,미작성,,,
VC_TC_1279,VC_TC_1277,VOC 설정,순차배분 예외관리,검색 결과,PASS,,미작성,,,
VC_TC_1280,VC_TC_1278,VOC 설정,순차배분 예외관리,검색 결과,PASS,,미작성,,,
VC_TC_1281,VC_TC_1279,VOC 설정,상용구관리,,PASS,,미작성,,,
VC_TC_1282,VC_TC_1280,VOC 설정,상용구관리,신규등록,PASS,,미작성,,,
VC_TC_1283,VC_TC_1281,VOC 설정,상용구관리,신규등록,PASS,,미작성,,,
VC_TC_1284,VC_TC_1282,VOC 설정,상용구관리,신규등록,PASS,,미작성,,,
VC_TC_1285,VC_TC_1283,VOC 설정,상용구관리,신규등록,PASS,,미작성,,,
VC_TC_1286,VC_TC_1284,VOC 설정,상용구관리,신규등록,PASS,,미작성,,,
VC_TC_1287,VC_TC_1285,VOC 설정,상용구관리,신규등록,PASS,,미작성,,,
VC_TC_1288,VC_TC_1286,VOC 설정,상용구관리,신규등록,PASS,,미작성,,,
VC_TC_1289,VC_TC_1287,VOC 설정,상용구관리,신규등록,PASS,,미작성,,,
VC_TC_1290,VC_TC_1288,VOC 설정,상용구관리,신규등록,PASS,,미작성,,,
VC_TC_1291,VC_TC_1289,VOC 설정,상용구관리,신규등록,PASS,,미작성,,,
VC_TC_1292,VC_TC_1290,VOC 설정,상용구관리,신규등록,PASS,,미작성,,,
VC_TC_1293,VC_TC_1291,VOC 설정,상용구관리,신규등록,PASS,,미작성,,,
VC_TC_1294,VC_TC_1292,VOC 설정,상용구관리,신규등록,PASS,,미작성,,,
VC_TC_1295,VC_TC_1293,VOC 설정,상용구관리,신규등록,PASS,,미작성,,,
VC_TC_1296,VC_TC_1294,VOC 설정,상용구관리,등록일자,PASS,,미작성,,,
VC_TC_1297,VC_TC_1295,VOC 설정,상용구관리,등록일자,PASS,,미작성,,,
VC_TC_1298,VC_TC_1296,VOC 설정,상용구관리,등록일자,PASS,,미작성,,,
VC_TC_1299,VC_TC_1297,VOC 설정,상용구관리,채널,PASS,,미작성,,,
VC_TC_1300,VC_TC_1298,VOC 설정,상용구관리,채널,PASS,,미작성,,,
VC_TC_1301,VC_TC_1299,VOC 설정,상용구관리,제목,PASS,,미작성,,,
VC_TC_1302,VC_TC_1300,VOC 설정,상용구관리,제목,PASS,,미작성,,,
VC_TC_1303,VC_TC_1301,VOC 설정,상용구관리,구분,PASS,,미작성,,,
VC_TC_1304,VC_TC_1302,VOC 설정,상용구관리,구분,PASS,,미작성,,,
VC_TC_1305,VC_TC_1303,VOC 설정,상용구관리,검색 결과,PASS,,미작성,,,
VC_TC_1306,VC_TC_1304,VOC 설정,상용구관리,검색 결과,FAIL,Major,결함회귀,09_결함회귀_260916/04_VOC설정.json,VC_TC_1306 [Major] 상용구관리 페이징 Rows/Page 기본값 20 표시,
VC_TC_1307,VC_TC_1305,VOC 설정,상용구관리,검색 결과,PASS,,미작성,,,
VC_TC_1308,VC_TC_1306,VOC 설정,상용구관리,검색 결과,PASS,,미작성,,,
VC_TC_1309,VC_TC_1307,VOC 설정,상용구관리,검색 결과,PASS,,미작성,,,
VC_TC_1310,VC_TC_1308,VOC 설정,상용구관리,상세 화면,PASS,,미작성,,,
VC_TC_1311,VC_TC_1309,VOC 설정,상용구관리,상세 화면,PASS,,미작성,,,
VC_TC_1312,VC_TC_1310,VOC 설정,상용구관리,상세 화면,PASS,,미작성,,,
VC_TC_1313,VC_TC_1311,VOC 설정,상용구관리,상세 화면,PASS,,미작성,,,
VC_TC_1314,VC_TC_1312,VOC 설정,상용구관리,상세 화면,PASS,,미작성,,,
VC_TC_1315,VC_TC_1313,VOC 설정,상용구관리,상세 화면,PASS,,미작성,,,
VC_TC_1316,VC_TC_1314,VOC 설정,상용구관리,상세 화면,PASS,,미작성,,,
VC_TC_1317,VC_TC_1315,VOC 설정,상용구관리,상세 화면,PASS,,미작성,,,
VC_TC_1318,VC_TC_1316,VOC 설정,상용구관리,상세 화면,PASS,,미작성,,,
VC_TC_1319,VC_TC_1317,VOC 설정,상용구관리,상세 화면,PASS,,미작성,,,
VC_TC_1320,VC_TC_1318,VOC 설정,업무요청/공유 양식,,PASS,,미작성,,,
VC_TC_1321,VC_TC_1319,VOC 설정,업무요청/공유 양식,요청 유형,PASS,,미작성,,,
VC_TC_1322,VC_TC_1320,VOC 설정,업무요청/공유 양식,요청 유형,PASS,,미작성,,,
VC_TC_1323,VC_TC_1321,VOC 설정,업무요청/공유 양식,Web 양식,FAIL,Major,결함회귀,09_결함회귀_260916/04_VOC설정.json,VC_TC_1323 [Major] 업무요청/공유 양식 Web 양식 편집창 렌더링,
VC_TC_1324,VC_TC_1322,VOC 설정,업무요청/공유 양식,Web 양식,,,미작성,,,
VC_TC_1325,VC_TC_1323,VOC 설정,업무요청/공유 양식,Web 양식,,,미작성,,,
VC_TC_1326,VC_TC_1324,VOC 설정,업무요청/공유 양식,App 양식,PASS,,미작성,,,
VC_TC_1327,VC_TC_1325,VOC 설정,업무요청/공유 양식,저장,FAIL,Major,결함회귀,09_결함회귀_260916/04_VOC설정.json,VC_TC_1327 [Major] 업무요청/공유 양식 [저장] 버튼 동작,
VC_TC_1328,VC_TC_1326,VOC 설정,업무요청/공유 양식,저장,,,미작성,,,
VC_TC_1329,VC_TC_1327,VOC 설정,업무요청/공유 양식,저장,,,미작성,,,
VC_TC_1330,VC_TC_1328,VOC 설정,업무요청/공유 양식,저장,,,미작성,,,
VC_TC_1331,VC_TC_1329,VOC 설정,업무요청/공유 양식,저장,,,미작성,,,
VC_TC_1332,VC_TC_1330,VOC 설정,VOC업무문의 양식,,PASS,,미작성,,,
VC_TC_1333,VC_TC_1331,VOC 설정,VOC업무문의 양식,요청 유형,PASS,,미작성,,,
VC_TC_1334,VC_TC_1332,VOC 설정,VOC업무문의 양식,요청 유형,PASS,,미작성,,,
VC_TC_1335,VC_TC_1333,VOC 설정,VOC업무문의 양식,Web 양식,FAIL,Major,결함회귀,09_결함회귀_260916/04_VOC설정.json,VC_TC_1335 [Major] VOC업무문의 양식 Web 양식 편집창 렌더링,
VC_TC_1336,VC_TC_1334,VOC 설정,VOC업무문의 양식,Web 양식,,,미작성,,,
VC_TC_1337,VC_TC_1335,VOC 설정,VOC업무문의 양식,Web 양식,,,미작성,,,
VC_TC_1338,VC_TC_1336,VOC 설정,VOC업무문의 양식,App 양식,PASS,,미작성,,,
VC_TC_1339,VC_TC_1337,VOC 설정,VOC업무문의 양식,저장,FAIL,Major,결함회귀,09_결함회귀_260916/04_VOC설정.json,VC_TC_1339 [Major] VOC업무문의 양식 [저장] 버튼 동작,
VC_TC_1340,VC_TC_1338,VOC 설정,VOC업무문의 양식,저장,,,미작성,,,
VC_TC_1341,VC_TC_1339,VOC 설정,VOC업무문의 양식,저장,,,미작성,,,
VC_TC_1342,VC_TC_1340,VOC 설정,VOC업무문의 양식,저장,,,미작성,,,
VC_TC_1343,VC_TC_1341,VOC 설정,VOC업무문의 양식,저장,,,미작성,,,
VC_TC_1344,VC_TC_1342,VOC 설정,외부 참조자 관리,,PASS,,미작성,,,
VC_TC_1345,VC_TC_1343,VOC 설정,외부 참조자 관리,신규등록,PASS,,미작성,,,
VC_TC_1346,VC_TC_1344,VOC 설정,외부 참조자 관리,신규등록,PASS,,미작성,,,
VC_TC_1347,VC_TC_1345,VOC 설정,외부 참조자 관리,신규등록,PASS,,미작성,,,
VC_TC_1348,VC_TC_1346,VOC 설정,외부 참조자 관리,신규등록,PASS,,미작성,,,
VC_TC_1349,VC_TC_1347,VOC 설정,외부 참조자 관리,신규등록,PASS,,미작성,,,
VC_TC_1350,VC_TC_1348,VOC 설정,외부 참조자 관리,신규등록,PASS,,미작성,,,
VC_TC_1351,VC_TC_1349,VOC 설정,외부 참조자 관리,신규등록,PASS,,미작성,,,
VC_TC_1352,VC_TC_1350,VOC 설정,외부 참조자 관리,신규등록,PASS,,미작성,,,
VC_TC_1353,VC_TC_1351,VOC 설정,외부 참조자 관리,사번,PASS,,미작성,,,
VC_TC_1354,VC_TC_1352,VOC 설정,외부 참조자 관리,등록자,PASS,,미작성,,,
VC_TC_1355,VC_TC_1353,VOC 설정,외부 참조자 관리,등록자,,,미작성,,,
VC_TC_1356,VC_TC_1354,VOC 설정,외부 참조자 관리,등록자,,,미작성,,,
VC_TC_1357,VC_TC_1355,VOC 설정,외부 참조자 관리,이름,PASS,,미작성,,,
VC_TC_1358,VC_TC_1356,VOC 설정,외부 참조자 관리,회사명,PASS,,미작성,,,
VC_TC_1359,VC_TC_1357,VOC 설정,외부 참조자 관리,사용여부,PASS,,미작성,,,
VC_TC_1360,VC_TC_1358,VOC 설정,외부 참조자 관리,사용여부,PASS,,미작성,,,
VC_TC_1361,VC_TC_1359,VOC 설정,외부 참조자 관리,엑셀 업로드,PASS,,미작성,,,
VC_TC_1362,VC_TC_1360,VOC 설정,외부 참조자 관리,엑셀 업로드,PASS,,미작성,,,
VC_TC_1363,VC_TC_1361,VOC 설정,외부 참조자 관리,엑셀 업로드,PASS,,미작성,,,
VC_TC_1364,VC_TC_1362,VOC 설정,외부 참조자 관리,엑셀양식 다운로드,PASS,,미작성,,,
VC_TC_1365,VC_TC_1363,VOC 설정,외부 참조자 관리,검색 결과,PASS,,미작성,,,
VC_TC_1366,VC_TC_1364,VOC 설정,외부 참조자 관리,검색 결과,PASS,,미작성,,,
VC_TC_1367,VC_TC_1365,VOC 설정,외부 참조자 관리,검색 결과,PASS,,미작성,,,
VC_TC_1368,VC_TC_1366,VOC 설정,외부 참조자 관리,검색 결과,PASS,,미작성,,,
VC_TC_1369,VC_TC_1367,VOC 설정,안내팝업 관리,,PASS,,미작성,,,
VC_TC_1370,VC_TC_1368,VOC 설정,안내팝업 관리,신규등록,PASS,,미작성,,,
VC_TC_1371,VC_TC_1369,VOC 설정,안내팝업 관리,신규등록,PASS,,미작성,,,
VC_TC_1372,VC_TC_1370,VOC 설정,안내팝업 관리,신규등록,PASS,,미작성,,,
VC_TC_1373,VC_TC_1371,VOC 설정,안내팝업 관리,신규등록,PASS,,미작성,,,
VC_TC_1374,VC_TC_1372,VOC 설정,안내팝업 관리,신규등록,PASS,,미작성,,,
VC_TC_1375,VC_TC_1373,VOC 설정,안내팝업 관리,신규등록,PASS,,미작성,,,
VC_TC_1376,VC_TC_1374,VOC 설정,안내팝업 관리,신규등록,PASS,,미작성,,,
VC_TC_1377,VC_TC_1375,VOC 설정,안내팝업 관리,신규등록,PASS,,미작성,,,
VC_TC_1378,VC_TC_1376,VOC 설정,안내팝업 관리,신규등록,PASS,,미작성,,,
VC_TC_1379,VC_TC_1377,VOC 설정,안내팝업 관리,신규등록,PASS,,미작성,,,
VC_TC_1380,VC_TC_1378,VOC 설정,안내팝업 관리,신규등록,PASS,,미작성,,,
VC_TC_1381,VC_TC_1379,VOC 설정,안내팝업 관리,신규등록,PASS,,미작성,,,
VC_TC_1382,VC_TC_1380,VOC 설정,안내팝업 관리,신규등록,PASS,,미작성,,,
VC_TC_1383,VC_TC_1381,VOC 설정,안내팝업 관리,신규등록,PASS,,미작성,,,
VC_TC_1384,VC_TC_1382,VOC 설정,안내팝업 관리,기간,PASS,,미작성,,,
VC_TC_1385,VC_TC_1383,VOC 설정,안내팝업 관리,기간,PASS,,미작성,,,
VC_TC_1386,VC_TC_1384,VOC 설정,안내팝업 관리,제목,PASS,,미작성,,,
VC_TC_1387,VC_TC_1385,VOC 설정,안내팝업 관리,검색 결과,FAIL,Major,결함회귀,09_결함회귀_260916/04_VOC설정.json,VC_TC_1387 [Major] 안내팝업 관리 페이징 Rows/Page 기본값 10 표시,
VC_TC_1388,VC_TC_1386,VOC 설정,안내팝업 관리,검색 결과,PASS,,미작성,,,
VC_TC_1389,VC_TC_1387,VOC 설정,안내팝업 관리,검색 결과,PASS,,미작성,,,
VC_TC_1390,VC_TC_1388,VOC 설정,안내팝업 관리,검색 결과,PASS,,미작성,,,
VC_TC_1391,VC_TC_1389,VOC 설정,상담사 관리,,PASS,,미작성,,,
VC_TC_1392,VC_TC_1390,VOC 설정,상담사 관리,이름,PASS,,미작성,,,
VC_TC_1393,VC_TC_1391,VOC 설정,상담사 관리,사번,PASS,,미작성,,,
VC_TC_1394,VC_TC_1392,VOC 설정,상담사 관리,저장,PASS,,미작성,,,
VC_TC_1395,VC_TC_1393,VOC 설정,상담사 관리,저장,PASS,,미작성,,,
VC_TC_1396,VC_TC_1394,VOC 설정,상담사 관리,저장,PASS,,미작성,,,
VC_TC_1397,VC_TC_1395,VOC 설정,상담사 관리,저장,PASS,,미작성,,,
VC_TC_1398,VC_TC_1396,VOC 설정,상담사 관리,저장,PASS,,미작성,,,
VC_TC_1399,VC_TC_1397,VOC 설정,상담사 관리,검색 결과,PASS,,미작성,,,
VC_TC_1400,VC_TC_1398,VOC 설정,상담사 관리,검색 결과,PASS,,미작성,,,
VC_TC_1401,VC_TC_1399,VOC 설정,상담사 관리,검색 결과,PASS,,미작성,,,
VC_TC_1402,VC_TC_1400,VOC 설정,상담사 관리,검색 결과,PASS,,미작성,,,
VC_TC_1403,VC_TC_1401,VOC 설정,콜센터(KPI) 입력,,PASS,,미작성,,,
VC_TC_1404,VC_TC_1402,VOC 설정,콜센터(KPI) 입력,년도/월,PASS,,미작성,,,
VC_TC_1405,VC_TC_1403,VOC 설정,콜센터(KPI) 입력,년도/월,PASS,,미작성,,,
VC_TC_1406,VC_TC_1404,VOC 설정,콜센터(KPI) 입력,년도/월,PASS,,미작성,,,
VC_TC_1407,VC_TC_1405,VOC 설정,콜센터(KPI) 입력,저장,PASS,,미작성,,,
VC_TC_1408,VC_TC_1406,VOC 설정,콜센터(KPI) 입력,저장,FAIL,Major,결함회귀,09_결함회귀_260916/04_VOC설정.json,VC_TC_1408 [Major] 콜센터(KPI) 입력 저장,
VC_TC_1409,VC_TC_1407,VOC 설정,콜센터(KPI) 입력,저장,,,미작성,,,
VC_TC_1410,VC_TC_1408,VOC 설정,콜센터(KPI) 입력,저장,PASS,,미작성,,,
VC_TC_1411,VC_TC_1409,VOC 설정,콜센터(KPI) 입력,검색 결과,PASS,,미작성,,,
VC_TC_1412,VC_TC_1410,VOC 설정,상담지원 업무,,PASS,,미작성,,,
VC_TC_1413,VC_TC_1411,VOC 설정,상담지원 업무,신규등록,PASS,,미작성,,,
VC_TC_1414,VC_TC_1412,VOC 설정,상담지원 업무,신규등록,PASS,,미작성,,,
VC_TC_1415,VC_TC_1413,VOC 설정,상담지원 업무,신규등록,PASS,,미작성,,,
VC_TC_1416,VC_TC_1414,VOC 설정,상담지원 업무,신규등록,PASS,,미작성,,,
VC_TC_1417,VC_TC_1415,VOC 설정,상담지원 업무,신규등록,PASS,,미작성,,,
VC_TC_1418,VC_TC_1416,VOC 설정,상담지원 업무,신규등록,PASS,,미작성,,,
VC_TC_1419,VC_TC_1417,VOC 설정,상담지원 업무,신규등록,,,미작성,,,
VC_TC_1420,VC_TC_1418,VOC 설정,상담지원 업무,신규등록,PASS,,미작성,,,
VC_TC_1421,VC_TC_1419,VOC 설정,상담지원 업무,신규등록,PASS,,미작성,,,
VC_TC_1422,VC_TC_1420,VOC 설정,상담지원 업무,신규등록,PASS,,미작성,,,
VC_TC_1423,VC_TC_1421,VOC 설정,상담지원 업무,신규등록,PASS,,미작성,,,
VC_TC_1424,VC_TC_1422,VOC 설정,상담지원 업무,신규등록,PASS,,미작성,,,
VC_TC_1425,VC_TC_1423,VOC 설정,상담지원 업무,신규등록,PASS,,미작성,,,
VC_TC_1426,VC_TC_1424,VOC 설정,상담지원 업무,신규등록,PASS,,미작성,,,
VC_TC_1427,VC_TC_1425,VOC 설정,상담지원 업무,신규등록,FAIL,Major,결함회귀,09_결함회귀_260916/04_VOC설정.json,VC_TC_1427 [Major] 상담지원 업무 신규등록 첨부파일 업로드,
VC_TC_1428,VC_TC_1426,VOC 설정,상담지원 업무,신규등록,,,미작성,,,
VC_TC_1429,VC_TC_1427,VOC 설정,상담지원 업무,신규등록,,,미작성,,,
VC_TC_1430,VC_TC_1428,VOC 설정,상담지원 업무,작성일자,PASS,,미작성,,,
VC_TC_1431,VC_TC_1429,VOC 설정,상담지원 업무,작성일자,PASS,,미작성,,,
VC_TC_1432,VC_TC_1430,VOC 설정,상담지원 업무,작성일자,PASS,,미작성,,,
VC_TC_1433,VC_TC_1431,VOC 설정,상담지원 업무,작성자,PASS,,미작성,,,
VC_TC_1434,VC_TC_1432,VOC 설정,상담지원 업무,작성자,,,미작성,,,
VC_TC_1435,VC_TC_1433,VOC 설정,상담지원 업무,방문매장,PASS,,미작성,,,
VC_TC_1436,VC_TC_1434,VOC 설정,상담지원 업무,방문매장,,,미작성,,,
VC_TC_1437,VC_TC_1435,VOC 설정,상담지원 업무,방문일,PASS,,미작성,,,
VC_TC_1438,VC_TC_1436,VOC 설정,상담지원 업무,구분,PASS,,미작성,,,
VC_TC_1439,VC_TC_1437,VOC 설정,상담지원 업무,구분,PASS,,미작성,,,
VC_TC_1440,VC_TC_1438,VOC 설정,상담지원 업무,처리상태,PASS,,미작성,,,
VC_TC_1441,VC_TC_1439,VOC 설정,상담지원 업무,처리상태,PASS,,미작성,,,
VC_TC_1442,VC_TC_1440,VOC 설정,상담지원 업무,내용,PASS,,미작성,,,
VC_TC_1443,VC_TC_1441,VOC 설정,상담지원 업무,VOC접수여부,PASS,,미작성,,,
VC_TC_1444,VC_TC_1442,VOC 설정,상담지원 업무,VOC접수여부,PASS,,미작성,,,
VC_TC_1445,VC_TC_1443,VOC 설정,상담지원 업무,검색 결과,PASS,,미작성,,,
VC_TC_1446,VC_TC_1444,VOC 설정,상담지원 업무,검색 결과,PASS,,미작성,,,
VC_TC_1447,VC_TC_1445,VOC 설정,상담지원 업무,검색 결과,PASS,,미작성,,,
VC_TC_1448,VC_TC_1446,VOC 설정,상담지원 업무,검색 결과,PASS,,미작성,,,
VC_TC_1449,VC_TC_1447,VOC 설정,문자발송,,PASS,,미작성,,,
VC_TC_1450,VC_TC_1448,VOC 설정,문자발송,수신번호,PASS,,미작성,,,
VC_TC_1451,VC_TC_1449,VOC 설정,문자발송,수신번호,PASS,,미작성,,,
VC_TC_1452,VC_TC_1450,VOC 설정,문자발송,발신번호,PASS,,미작성,,,
VC_TC_1453,VC_TC_1451,VOC 설정,문자발송,내용,PASS,,미작성,,,
VC_TC_1454,VC_TC_1452,VOC 설정,문자발송,내용,PASS,,미작성,,,
VC_TC_1455,VC_TC_1453,VOC 설정,문자발송,발송,PASS,,미작성,,,
VC_TC_1456,VC_TC_1454,VOC 설정,문자발송,발송,,,미작성,,,
VC_TC_1457,VC_TC_1455,VOC 설정,문자발송,제목,PASS,,미작성,,,
VC_TC_1458,VC_TC_1456,VOC 설정,문자발송,검색 결과,FAIL,Major,결함회귀,09_결함회귀_260916/04_VOC설정.json,VC_TC_1458 [Major] 문자발송 상용구 선택 → 발송정보 내용에 반영(undefined 아님),
VC_TC_1459,VC_TC_1457,VOC 설정,문자발송,검색 결과,PASS,,미작성,,,
VC_TC_1460,VC_TC_1458,VOC 설정,문자발송,검색 결과,PASS,,미작성,,,
VC_TC_1461,VC_TC_1459,VOC 설정,문자발송,닫기,PASS,,미작성,,,
VC_TC_1462,VC_TC_1460,VOC 설정,문자 발송 이력,,PASS,,미작성,,,
VC_TC_1463,VC_TC_1461,VOC 설정,문자 발송 이력,발송일,PASS,,미작성,,,
VC_TC_1464,VC_TC_1462,VOC 설정,문자 발송 이력,발송일,PASS,,미작성,,,
VC_TC_1465,VC_TC_1463,VOC 설정,문자 발송 이력,발송일,PASS,,미작성,,,
VC_TC_1466,VC_TC_1464,VOC 설정,문자 발송 이력,전화번호,PASS,,미작성,,,
VC_TC_1467,VC_TC_1465,VOC 설정,문자 발송 이력,발송자,PASS,,미작성,,,
VC_TC_1468,VC_TC_1466,VOC 설정,문자 발송 이력,검색 결과,PASS,,미작성,,,
VC_TC_1469,VC_TC_1467,VOC 설정,문자 발송 이력,검색 결과,PASS,,미작성,,,
VC_TC_1470,VC_TC_1468,VOC 설정,문자 발송 이력,검색 결과,PASS,,미작성,,,
VC_TC_1471,VC_TC_1469,VOC 설정,문자 발송 이력,검색 결과,PASS,,미작성,,,
VC_TC_1472,VC_TC_1470,VOC 설정,고객 메모 관리,,PASS,,미작성,,,
VC_TC_1473,VC_TC_1471,VOC 설정,고객 메모 관리,신규등록,PASS,,미작성,,,
VC_TC_1474,VC_TC_1472,VOC 설정,고객 메모 관리,신규등록,PASS,,미작성,,,
VC_TC_1475,VC_TC_1473,VOC 설정,고객 메모 관리,신규등록,PASS,,미작성,,,
VC_TC_1476,VC_TC_1474,VOC 설정,고객 메모 관리,신규등록,PASS,,미작성,,,
VC_TC_1477,VC_TC_1475,VOC 설정,고객 메모 관리,신규등록,,,미작성,,,
VC_TC_1478,VC_TC_1476,VOC 설정,고객 메모 관리,신규등록,,,미작성,,,
VC_TC_1479,VC_TC_1477,VOC 설정,고객 메모 관리,신규등록,,,미작성,,,
VC_TC_1480,VC_TC_1478,VOC 설정,고객 메모 관리,신규등록,,,미작성,,,
VC_TC_1481,VC_TC_1479,VOC 설정,고객 메모 관리,신규등록,PASS,,미작성,,,
VC_TC_1482,VC_TC_1480,VOC 설정,고객 메모 관리,신규등록,PASS,,미작성,,,
VC_TC_1483,VC_TC_1481,VOC 설정,고객 메모 관리,신규등록,,,미작성,,,
VC_TC_1484,VC_TC_1482,VOC 설정,고객 메모 관리,신규등록,PASS,,미작성,,,
VC_TC_1485,VC_TC_1483,VOC 설정,고객 메모 관리,신규등록,,,미작성,,,
VC_TC_1486,VC_TC_1484,VOC 설정,고객 메모 관리,신규등록,,,미작성,,,
VC_TC_1487,VC_TC_1485,VOC 설정,고객 메모 관리,신규등록,,,미작성,,,
VC_TC_1488,VC_TC_1486,VOC 설정,고객 메모 관리,신규등록,,,미작성,,,
VC_TC_1489,VC_TC_1487,VOC 설정,고객 메모 관리,신규등록,,,미작성,,,
VC_TC_1490,VC_TC_1488,VOC 설정,고객 메모 관리,등록/수정일시,PASS,,미작성,,,
VC_TC_1491,VC_TC_1489,VOC 설정,고객 메모 관리,등록/수정일시,PASS,,미작성,,,
VC_TC_1492,VC_TC_1490,VOC 설정,고객 메모 관리,등록/수정일시,PASS,,미작성,,,
VC_TC_1493,VC_TC_1491,VOC 설정,고객 메모 관리,등록/수정일시,PASS,,미작성,,,
VC_TC_1494,VC_TC_1492,VOC 설정,고객 메모 관리,엑셀다운로드,PASS,,미작성,,,
VC_TC_1495,VC_TC_1493,VOC 설정,고객 메모 관리,엑셀다운로드,PASS,,미작성,,,
VC_TC_1496,VC_TC_1494,VOC 설정,고객 메모 관리,엑셀다운로드,,,미작성,,,
VC_TC_1497,VC_TC_1495,VOC 설정,고객 메모 관리,고객 메모 상세,PASS,,미작성,,,
VC_TC_1498,VC_TC_1496,VOC 설정,고객 메모 관리,고객 메모 상세,PASS,,미작성,,,
VC_TC_1499,VC_TC_1497,VOC 설정,고객 메모 관리,고객 메모 상세,PASS,,미작성,,,
VC_TC_1500,VC_TC_1498,VOC 설정,고객 메모 관리,고객 메모 상세,,,미작성,,,
VC_TC_1501,VC_TC_1499,VOC 설정,고객 메모 관리,고객 메모 상세,,,미작성,,,
VC_TC_1502,VC_TC_1500,VOC 설정,고객 메모 관리,고객 메모 상세,,,미작성,,,
VC_TC_1503,VC_TC_1501,VOC 설정,고객 메모 관리,고객 메모 상세,,,미작성,,,
VC_TC_1504,VC_TC_1502,VOC 설정,고객 메모 관리,고객 메모 상세,,,미작성,,,
VC_TC_1505,VC_TC_1503,VOC 설정,고객 메모 관리,고객 메모 상세,,,미작성,,,
VC_TC_1506,VC_TC_1504,VOC 설정,고객 메모 관리,고객 메모 상세,PASS,,미작성,,,
VC_TC_1507,VC_TC_1505,VOC 설정,고객 메모 관리,고객 메모 상세,FAIL,Major,결함회귀,09_결함회귀_260916/04_VOC설정.json,VC_TC_1507 [Major] 고객 메모 상세 연락처 [조회] → 개인정보 상세 팝업(Page Not Found 아님),
VC_TC_1508,VC_TC_1506,VOC 설정,고객 메모 관리,고객 메모 상세,,,미작성,,,
VC_TC_1509,VC_TC_1507,VOC 설정,고객 메모 관리,고객 메모 상세,PASS,,미작성,,,
VC_TC_1510,VC_TC_1508,VOC 설정,고객 메모 관리,고객 메모 상세,PASS,,미작성,,,
VC_TC_1511,VC_TC_1509,VOC 설정,고객 메모 관리,고객 메모 상세,PASS,,미작성,,,
VC_TC_1512,VC_TC_1510,VOC 설정,고객 메모 관리,고객 메모 상세,PASS,,미작성,,,
VC_TC_1513,VC_TC_1511,VOC 설정,고객 메모 관리,고객 메모 상세,PASS,,미작성,,,
VC_TC_1514,VC_TC_1512,VOC 설정,고객 메모 관리,고객 메모 상세,PASS,,미작성,,,
VC_TC_1515,VC_TC_1513,VOC 설정,고객 메모 관리,검색 결과,PASS,,미작성,,,
VC_TC_1516,VC_TC_1514,VOC 설정,고객 메모 관리,검색 결과,PASS,,미작성,,,
VC_TC_1517,VC_TC_1515,VOC 설정,고객 메모 관리,검색 결과,PASS,,미작성,,,
VC_TC_1518,VC_TC_1516,VOC 설정,고객 메모 관리,검색 결과,PASS,,미작성,,,
VC_TC_1519,VC_TC_1517,VOC 컨텐츠,,,PASS,,미작성,,,
VC_TC_1520,VC_TC_1518,VOC 컨텐츠,공지사항,,PASS,,미작성,,,
VC_TC_1521,VC_TC_1519,VOC 컨텐츠,공지사항,임시저장,,,미작성,,,
VC_TC_1522,VC_TC_1520,VOC 컨텐츠,공지사항,임시저장,,,미작성,,,
VC_TC_1523,VC_TC_1521,VOC 컨텐츠,공지사항,임시저장,,,미작성,,,
VC_TC_1524,VC_TC_1522,VOC 컨텐츠,공지사항,임시저장,,,미작성,,,
VC_TC_1525,VC_TC_1523,VOC 컨텐츠,공지사항,임시저장,,,미작성,,,
VC_TC_1526,VC_TC_1524,VOC 컨텐츠,공지사항,임시저장,,,미작성,,,
VC_TC_1527,VC_TC_1525,VOC 컨텐츠,공지사항,임시저장,,,미작성,,,
VC_TC_1528,VC_TC_1526,VOC 컨텐츠,공지사항,임시저장,,,미작성,,,
VC_TC_1529,VC_TC_1527,VOC 컨텐츠,공지사항,임시저장,,,미작성,,,
VC_TC_1530,VC_TC_1528,VOC 컨텐츠,공지사항,임시저장,,,미작성,,,
VC_TC_1531,VC_TC_1529,VOC 컨텐츠,공지사항,임시저장,,,미작성,,,
VC_TC_1532,VC_TC_1530,VOC 컨텐츠,공지사항,임시저장,,,미작성,,,
VC_TC_1533,VC_TC_1531,VOC 컨텐츠,공지사항,임시저장,,,미작성,,,
VC_TC_1534,VC_TC_1532,VOC 컨텐츠,공지사항,임시저장,,,미작성,,,
VC_TC_1535,VC_TC_1533,VOC 컨텐츠,공지사항,임시저장,,,미작성,,,
VC_TC_1536,VC_TC_1534,VOC 컨텐츠,공지사항,임시저장,,,미작성,,,
VC_TC_1537,VC_TC_1535,VOC 컨텐츠,공지사항,임시저장,,,미작성,,,
VC_TC_1538,VC_TC_1536,VOC 컨텐츠,공지사항,임시저장,,,미작성,,,
VC_TC_1539,VC_TC_1537,VOC 컨텐츠,공지사항,임시저장,,,미작성,,,
VC_TC_1540,VC_TC_1538,VOC 컨텐츠,공지사항,임시저장,,,미작성,,,
VC_TC_1541,VC_TC_1539,VOC 컨텐츠,공지사항,임시저장,,,미작성,,,
VC_TC_1542,VC_TC_1540,VOC 컨텐츠,공지사항,임시저장,,,미작성,,,
VC_TC_1543,VC_TC_1541,VOC 컨텐츠,공지사항,휴지통,,,미작성,,,
VC_TC_1544,VC_TC_1542,VOC 컨텐츠,공지사항,휴지통,,,미작성,,,
VC_TC_1545,VC_TC_1543,VOC 컨텐츠,공지사항,휴지통,,,미작성,,,
VC_TC_1546,VC_TC_1544,VOC 컨텐츠,공지사항,휴지통,,,미작성,,,
VC_TC_1547,VC_TC_1545,VOC 컨텐츠,공지사항,휴지통,,,미작성,,,
VC_TC_1548,VC_TC_1546,VOC 컨텐츠,공지사항,휴지통,,,미작성,,,
VC_TC_1549,VC_TC_1547,VOC 컨텐츠,공지사항,휴지통,,,미작성,,,
VC_TC_1550,VC_TC_1548,VOC 컨텐츠,공지사항,휴지통,,,미작성,,,
VC_TC_1551,VC_TC_1549,VOC 컨텐츠,공지사항,휴지통,,,미작성,,,
VC_TC_1552,VC_TC_1550,VOC 컨텐츠,공지사항,휴지통,,,미작성,,,
VC_TC_1553,VC_TC_1551,VOC 컨텐츠,공지사항,휴지통,,,미작성,,,
VC_TC_1554,VC_TC_1552,VOC 컨텐츠,공지사항,휴지통,,,미작성,,,
VC_TC_1555,VC_TC_1553,VOC 컨텐츠,공지사항,휴지통,,,미작성,,,
VC_TC_1556,VC_TC_1554,VOC 컨텐츠,공지사항,휴지통,,,미작성,,,
VC_TC_1557,VC_TC_1555,VOC 컨텐츠,공지사항,휴지통,,,미작성,,,
VC_TC_1558,VC_TC_1556,VOC 컨텐츠,공지사항,휴지통,,,미작성,,,
VC_TC_1559,VC_TC_1557,VOC 컨텐츠,공지사항,등록,,,미작성,,,
VC_TC_1560,VC_TC_1558,VOC 컨텐츠,공지사항,등록,,,미작성,,,
VC_TC_1561,VC_TC_1559,VOC 컨텐츠,공지사항,등록,,,미작성,,,
VC_TC_1562,VC_TC_1560,VOC 컨텐츠,공지사항,등록,,,미작성,,,
VC_TC_1563,VC_TC_1561,VOC 컨텐츠,공지사항,등록,,,미작성,,,
VC_TC_1564,VC_TC_1562,VOC 컨텐츠,공지사항,등록,,,미작성,,,
VC_TC_1565,VC_TC_1563,VOC 컨텐츠,공지사항,등록,,,미작성,,,
VC_TC_1566,VC_TC_1564,VOC 컨텐츠,공지사항,등록,,,미작성,,,
VC_TC_1567,VC_TC_1565,VOC 컨텐츠,공지사항,등록,,,미작성,,,
VC_TC_1568,VC_TC_1566,VOC 컨텐츠,공지사항,등록,,,미작성,,,
VC_TC_1569,VC_TC_1567,VOC 컨텐츠,공지사항,등록,,,미작성,,,
VC_TC_1570,VC_TC_1568,VOC 컨텐츠,공지사항,등록,,,미작성,,,
VC_TC_1571,VC_TC_1569,VOC 컨텐츠,공지사항,등록,,,미작성,,,
VC_TC_1572,VC_TC_1570,VOC 컨텐츠,공지사항,등록,,,미작성,,,
VC_TC_1573,VC_TC_1571,VOC 컨텐츠,공지사항,등록,,,미작성,,,
VC_TC_1574,VC_TC_1572,VOC 컨텐츠,공지사항,등록,,,미작성,,,
VC_TC_1575,VC_TC_1573,VOC 컨텐츠,공지사항,등록,,,미작성,,,
VC_TC_1576,VC_TC_1574,VOC 컨텐츠,공지사항,검색,,,미작성,,,
VC_TC_1577,VC_TC_1575,VOC 컨텐츠,공지사항,검색,,,미작성,,,
VC_TC_1578,VC_TC_1576,VOC 컨텐츠,공지사항,분류관리,,,미작성,,,
VC_TC_1579,VC_TC_1577,VOC 컨텐츠,공지사항,분류관리,,,미작성,,,
VC_TC_1580,VC_TC_1578,VOC 컨텐츠,공지사항,분류관리,,,미작성,,,
VC_TC_1581,VC_TC_1579,VOC 컨텐츠,공지사항,분류관리,,,미작성,,,
VC_TC_1582,VC_TC_1580,VOC 컨텐츠,공지사항,분류관리,,,미작성,,,
VC_TC_1583,VC_TC_1581,VOC 컨텐츠,공지사항,분류관리,,,미작성,,,
VC_TC_1584,VC_TC_1582,VOC 컨텐츠,공지사항,분류관리,,,미작성,,,
VC_TC_1585,VC_TC_1583,VOC 컨텐츠,공지사항,분류관리,,,미작성,,,
VC_TC_1586,VC_TC_1584,VOC 컨텐츠,공지사항,분류관리,,,미작성,,,
VC_TC_1587,VC_TC_1585,VOC 컨텐츠,공지사항,분류관리,,,미작성,,,
VC_TC_1588,VC_TC_1586,VOC 컨텐츠,공지사항,분류관리,,,미작성,,,
VC_TC_1589,VC_TC_1587,VOC 컨텐츠,공지사항,분류관리,,,미작성,,,
VC_TC_1590,VC_TC_1588,VOC 컨텐츠,공지사항,분류관리,,,미작성,,,
VC_TC_1591,VC_TC_1589,VOC 컨텐츠,공지사항,분류관리,,,미작성,,,
VC_TC_1592,VC_TC_1590,VOC 컨텐츠,공지사항,분류관리,,,미작성,,,
VC_TC_1593,VC_TC_1591,VOC 컨텐츠,공지사항,상세 화면,,,미작성,,,
VC_TC_1594,VC_TC_1592,VOC 컨텐츠,공지사항,상세 화면,,,미작성,,,
VC_TC_1595,VC_TC_1593,VOC 컨텐츠,공지사항,상세 화면,,,미작성,,,
VC_TC_1596,VC_TC_1594,VOC 컨텐츠,공지사항,상세 화면,,,미작성,,,
VC_TC_1597,VC_TC_1595,VOC 컨텐츠,공지사항,상세 화면,,,미작성,,,
VC_TC_1598,VC_TC_1596,VOC 컨텐츠,공지사항,상세 화면,,,미작성,,,
VC_TC_1599,VC_TC_1597,VOC 컨텐츠,공지사항,상세 화면,,,미작성,,,
VC_TC_1600,VC_TC_1598,VOC 컨텐츠,공지사항,상세 화면,,,미작성,,,
VC_TC_1601,VC_TC_1599,VOC 컨텐츠,공지사항,상세 화면,,,미작성,,,
VC_TC_1602,VC_TC_1600,VOC 컨텐츠,공지사항,상세 화면,,,미작성,,,
VC_TC_1603,VC_TC_1601,VOC 컨텐츠,공지사항,상세 화면,,,미작성,,,
VC_TC_1604,VC_TC_1602,VOC 컨텐츠,공지사항,상세 화면,,,미작성,,,
VC_TC_1605,VC_TC_1603,VOC 컨텐츠,공지사항,상세 화면,,,미작성,,,
VC_TC_1606,VC_TC_1604,VOC 컨텐츠,공지사항,상세 화면,,,미작성,,,
VC_TC_1607,VC_TC_1605,VOC 컨텐츠,공지사항,검색 결과,,,미작성,,,
VC_TC_1608,VC_TC_1606,VOC 컨텐츠,공지사항,검색 결과,,,미작성,,,
VC_TC_1609,VC_TC_1607,VOC 컨텐츠,공지사항,검색 결과,,,미작성,,,
VC_TC_1610,VC_TC_1608,VOC 컨텐츠,공지사항,검색 결과,,,미작성,,,
VC_TC_1611,VC_TC_1609,VOC 컨텐츠,지식관리,,PASS,,미작성,,,
VC_TC_1612,VC_TC_1610,VOC 컨텐츠,지식관리,임시저장,,,미작성,,,
VC_TC_1613,VC_TC_1611,VOC 컨텐츠,지식관리,임시저장,,,미작성,,,
VC_TC_1614,VC_TC_1612,VOC 컨텐츠,지식관리,임시저장,,,미작성,,,
VC_TC_1615,VC_TC_1613,VOC 컨텐츠,지식관리,임시저장,,,미작성,,,
VC_TC_1616,VC_TC_1614,VOC 컨텐츠,지식관리,임시저장,,,미작성,,,
VC_TC_1617,VC_TC_1615,VOC 컨텐츠,지식관리,임시저장,,,미작성,,,
VC_TC_1618,VC_TC_1616,VOC 컨텐츠,지식관리,임시저장,,,미작성,,,
VC_TC_1619,VC_TC_1617,VOC 컨텐츠,지식관리,임시저장,,,미작성,,,
VC_TC_1620,VC_TC_1618,VOC 컨텐츠,지식관리,임시저장,,,미작성,,,
VC_TC_1621,VC_TC_1619,VOC 컨텐츠,지식관리,임시저장,,,미작성,,,
VC_TC_1622,VC_TC_1620,VOC 컨텐츠,지식관리,임시저장,,,미작성,,,
VC_TC_1623,VC_TC_1621,VOC 컨텐츠,지식관리,임시저장,,,미작성,,,
VC_TC_1624,VC_TC_1622,VOC 컨텐츠,지식관리,임시저장,,,미작성,,,
VC_TC_1625,VC_TC_1623,VOC 컨텐츠,지식관리,임시저장,,,미작성,,,
VC_TC_1626,VC_TC_1624,VOC 컨텐츠,지식관리,임시저장,,,미작성,,,
VC_TC_1627,VC_TC_1625,VOC 컨텐츠,지식관리,임시저장,,,미작성,,,
VC_TC_1628,VC_TC_1626,VOC 컨텐츠,지식관리,임시저장,,,미작성,,,
VC_TC_1629,VC_TC_1627,VOC 컨텐츠,지식관리,임시저장,,,미작성,,,
VC_TC_1630,VC_TC_1628,VOC 컨텐츠,지식관리,임시저장,,,미작성,,,
VC_TC_1631,VC_TC_1629,VOC 컨텐츠,지식관리,임시저장,,,미작성,,,
VC_TC_1632,VC_TC_1630,VOC 컨텐츠,지식관리,임시저장,,,미작성,,,
VC_TC_1633,VC_TC_1631,VOC 컨텐츠,지식관리,임시저장,,,미작성,,,
VC_TC_1634,VC_TC_1632,VOC 컨텐츠,지식관리,휴지통,,,미작성,,,
VC_TC_1635,VC_TC_1633,VOC 컨텐츠,지식관리,휴지통,,,미작성,,,
VC_TC_1636,VC_TC_1634,VOC 컨텐츠,지식관리,휴지통,,,미작성,,,
VC_TC_1637,VC_TC_1635,VOC 컨텐츠,지식관리,휴지통,,,미작성,,,
VC_TC_1638,VC_TC_1636,VOC 컨텐츠,지식관리,휴지통,,,미작성,,,
VC_TC_1639,VC_TC_1637,VOC 컨텐츠,지식관리,휴지통,,,미작성,,,
VC_TC_1640,VC_TC_1638,VOC 컨텐츠,지식관리,휴지통,,,미작성,,,
VC_TC_1641,VC_TC_1639,VOC 컨텐츠,지식관리,휴지통,,,미작성,,,
VC_TC_1642,VC_TC_1640,VOC 컨텐츠,지식관리,휴지통,,,미작성,,,
VC_TC_1643,VC_TC_1641,VOC 컨텐츠,지식관리,휴지통,,,미작성,,,
VC_TC_1644,VC_TC_1642,VOC 컨텐츠,지식관리,휴지통,,,미작성,,,
VC_TC_1645,VC_TC_1643,VOC 컨텐츠,지식관리,휴지통,,,미작성,,,
VC_TC_1646,VC_TC_1644,VOC 컨텐츠,지식관리,휴지통,,,미작성,,,
VC_TC_1647,VC_TC_1645,VOC 컨텐츠,지식관리,휴지통,,,미작성,,,
VC_TC_1648,VC_TC_1646,VOC 컨텐츠,지식관리,휴지통,,,미작성,,,
VC_TC_1649,VC_TC_1647,VOC 컨텐츠,지식관리,휴지통,,,미작성,,,
VC_TC_1650,VC_TC_1648,VOC 컨텐츠,지식관리,등록,,,미작성,,,
VC_TC_1651,VC_TC_1649,VOC 컨텐츠,지식관리,등록,,,미작성,,,
VC_TC_1652,VC_TC_1650,VOC 컨텐츠,지식관리,등록,,,미작성,,,
VC_TC_1653,VC_TC_1651,VOC 컨텐츠,지식관리,등록,,,미작성,,,
VC_TC_1654,VC_TC_1652,VOC 컨텐츠,지식관리,등록,,,미작성,,,
VC_TC_1655,VC_TC_1653,VOC 컨텐츠,지식관리,등록,,,미작성,,,
VC_TC_1656,VC_TC_1654,VOC 컨텐츠,지식관리,등록,,,미작성,,,
VC_TC_1657,VC_TC_1655,VOC 컨텐츠,지식관리,등록,,,미작성,,,
VC_TC_1658,VC_TC_1656,VOC 컨텐츠,지식관리,등록,,,미작성,,,
VC_TC_1659,VC_TC_1657,VOC 컨텐츠,지식관리,등록,,,미작성,,,
VC_TC_1660,VC_TC_1658,VOC 컨텐츠,지식관리,등록,,,미작성,,,
VC_TC_1661,VC_TC_1659,VOC 컨텐츠,지식관리,등록,,,미작성,,,
VC_TC_1662,VC_TC_1660,VOC 컨텐츠,지식관리,등록,,,미작성,,,
VC_TC_1663,VC_TC_1661,VOC 컨텐츠,지식관리,등록,,,미작성,,,
VC_TC_1664,VC_TC_1662,VOC 컨텐츠,지식관리,등록,,,미작성,,,
VC_TC_1665,VC_TC_1663,VOC 컨텐츠,지식관리,등록,,,미작성,,,
VC_TC_1666,VC_TC_1664,VOC 컨텐츠,지식관리,등록,,,미작성,,,
VC_TC_1667,VC_TC_1665,VOC 컨텐츠,지식관리,검색,,,미작성,,,
VC_TC_1668,VC_TC_1666,VOC 컨텐츠,지식관리,검색,,,미작성,,,
VC_TC_1669,VC_TC_1667,VOC 컨텐츠,지식관리,분류관리,,,미작성,,,
VC_TC_1670,VC_TC_1668,VOC 컨텐츠,지식관리,분류관리,,,미작성,,,
VC_TC_1671,VC_TC_1669,VOC 컨텐츠,지식관리,분류관리,,,미작성,,,
VC_TC_1672,VC_TC_1670,VOC 컨텐츠,지식관리,분류관리,,,미작성,,,
VC_TC_1673,VC_TC_1671,VOC 컨텐츠,지식관리,분류관리,,,미작성,,,
VC_TC_1674,VC_TC_1672,VOC 컨텐츠,지식관리,분류관리,,,미작성,,,
VC_TC_1675,VC_TC_1673,VOC 컨텐츠,지식관리,분류관리,,,미작성,,,
VC_TC_1676,VC_TC_1674,VOC 컨텐츠,지식관리,분류관리,,,미작성,,,
VC_TC_1677,VC_TC_1675,VOC 컨텐츠,지식관리,분류관리,,,미작성,,,
VC_TC_1678,VC_TC_1676,VOC 컨텐츠,지식관리,분류관리,,,미작성,,,
VC_TC_1679,VC_TC_1677,VOC 컨텐츠,지식관리,분류관리,,,미작성,,,
VC_TC_1680,VC_TC_1678,VOC 컨텐츠,지식관리,분류관리,,,미작성,,,
VC_TC_1681,VC_TC_1679,VOC 컨텐츠,지식관리,분류관리,,,미작성,,,
VC_TC_1682,VC_TC_1680,VOC 컨텐츠,지식관리,분류관리,,,미작성,,,
VC_TC_1683,VC_TC_1681,VOC 컨텐츠,지식관리,분류관리,,,미작성,,,
VC_TC_1684,VC_TC_1682,VOC 컨텐츠,지식관리,상세 화면,,,미작성,,,
VC_TC_1685,VC_TC_1683,VOC 컨텐츠,지식관리,상세 화면,,,미작성,,,
VC_TC_1686,VC_TC_1684,VOC 컨텐츠,지식관리,상세 화면,,,미작성,,,
VC_TC_1687,VC_TC_1685,VOC 컨텐츠,지식관리,상세 화면,,,미작성,,,
VC_TC_1688,VC_TC_1686,VOC 컨텐츠,지식관리,상세 화면,,,미작성,,,
VC_TC_1689,VC_TC_1687,VOC 컨텐츠,지식관리,상세 화면,,,미작성,,,
VC_TC_1690,VC_TC_1688,VOC 컨텐츠,지식관리,상세 화면,,,미작성,,,
VC_TC_1691,VC_TC_1689,VOC 컨텐츠,지식관리,상세 화면,,,미작성,,,
VC_TC_1692,VC_TC_1690,VOC 컨텐츠,지식관리,상세 화면,,,미작성,,,
VC_TC_1693,VC_TC_1691,VOC 컨텐츠,지식관리,상세 화면,,,미작성,,,
VC_TC_1694,VC_TC_1692,VOC 컨텐츠,지식관리,상세 화면,,,미작성,,,
VC_TC_1695,VC_TC_1693,VOC 컨텐츠,지식관리,상세 화면,,,미작성,,,
VC_TC_1696,VC_TC_1694,VOC 컨텐츠,지식관리,상세 화면,,,미작성,,,
VC_TC_1697,VC_TC_1695,VOC 컨텐츠,지식관리,상세 화면,,,미작성,,,
VC_TC_1698,VC_TC_1696,VOC 컨텐츠,지식관리,검색 결과,,,미작성,,,
VC_TC_1699,VC_TC_1697,VOC 컨텐츠,지식관리,검색 결과,,,미작성,,,
VC_TC_1700,VC_TC_1698,VOC 컨텐츠,지식관리,검색 결과,,,미작성,,,
VC_TC_1701,VC_TC_1699,VOC 컨텐츠,지식관리,검색 결과,,,미작성,,,
VC_TC_1702,VC_TC_1700,VOC 컨텐츠,FAQ-Web VOC FAQ,,FAIL,Major,결함회귀,09_결함회귀_260916/05_컨텐츠_시스템관리.json,VC_TC_1702 [Major] Web VOC FAQ 화면 진입 — Page Not Found 없이 표시,
VC_TC_1703,VC_TC_1701,VOC 컨텐츠,FAQ-Web VOC FAQ,신규등록,,,미작성,,,
VC_TC_1704,VC_TC_1702,VOC 컨텐츠,FAQ-Web VOC FAQ,신규등록,,,미작성,,,
VC_TC_1705,VC_TC_1703,VOC 컨텐츠,FAQ-Web VOC FAQ,신규등록,,,미작성,,,
VC_TC_1706,VC_TC_1704,VOC 컨텐츠,FAQ-Web VOC FAQ,신규등록,,,미작성,,,
VC_TC_1707,VC_TC_1705,VOC 컨텐츠,FAQ-Web VOC FAQ,신규등록,,,미작성,,,
VC_TC_1708,VC_TC_1706,VOC 컨텐츠,FAQ-Web VOC FAQ,신규등록,,,미작성,,,
VC_TC_1709,VC_TC_1707,VOC 컨텐츠,FAQ-Web VOC FAQ,신규등록,,,미작성,,,
VC_TC_1710,VC_TC_1708,VOC 컨텐츠,FAQ-Web VOC FAQ,신규등록,,,미작성,,,
VC_TC_1711,VC_TC_1709,VOC 컨텐츠,FAQ-Web VOC FAQ,신규등록,,,미작성,,,
VC_TC_1712,VC_TC_1710,VOC 컨텐츠,FAQ-Web VOC FAQ,신규등록,,,미작성,,,
VC_TC_1713,VC_TC_1711,VOC 컨텐츠,FAQ-Web VOC FAQ,등록일자,,,미작성,,,
VC_TC_1714,VC_TC_1712,VOC 컨텐츠,FAQ-Web VOC FAQ,등록일자,,,미작성,,,
VC_TC_1715,VC_TC_1713,VOC 컨텐츠,FAQ-Web VOC FAQ,분류,,,미작성,,,
VC_TC_1716,VC_TC_1714,VOC 컨텐츠,FAQ-Web VOC FAQ,분류,,,미작성,,,
VC_TC_1717,VC_TC_1715,VOC 컨텐츠,FAQ-Web VOC FAQ,분류,,,미작성,,,
VC_TC_1718,VC_TC_1716,VOC 컨텐츠,FAQ-Web VOC FAQ,분류,,,미작성,,,
VC_TC_1719,VC_TC_1717,VOC 컨텐츠,FAQ-Web VOC FAQ,질문+내용,,,미작성,,,
VC_TC_1720,VC_TC_1718,VOC 컨텐츠,FAQ-Web VOC FAQ,정렬순서,,,미작성,,,
VC_TC_1721,VC_TC_1719,VOC 컨텐츠,FAQ-Web VOC FAQ,정렬순서,,,미작성,,,
VC_TC_1722,VC_TC_1720,VOC 컨텐츠,FAQ-Web VOC FAQ,정렬순서,,,미작성,,,
VC_TC_1723,VC_TC_1721,VOC 컨텐츠,FAQ-Web VOC FAQ,저장,,,미작성,,,
VC_TC_1724,VC_TC_1722,VOC 컨텐츠,FAQ-Web VOC FAQ,저장,,,미작성,,,
VC_TC_1725,VC_TC_1723,VOC 컨텐츠,FAQ-Web VOC FAQ,저장,,,미작성,,,
VC_TC_1726,VC_TC_1724,VOC 컨텐츠,FAQ-Web VOC FAQ,등록,,,미작성,,,
VC_TC_1727,VC_TC_1725,VOC 컨텐츠,FAQ-Web VOC FAQ,등록,,,미작성,,,
VC_TC_1728,VC_TC_1726,VOC 컨텐츠,FAQ-Web VOC FAQ,등록,,,미작성,,,
VC_TC_1729,VC_TC_1727,VOC 컨텐츠,FAQ-Web VOC FAQ,등록,,,미작성,,,
VC_TC_1730,VC_TC_1728,VOC 컨텐츠,FAQ-Web VOC FAQ,등록,,,미작성,,,
VC_TC_1731,VC_TC_1729,VOC 컨텐츠,FAQ-Web VOC FAQ,등록,,,미작성,,,
VC_TC_1732,VC_TC_1730,VOC 컨텐츠,FAQ-Web VOC FAQ,상세 화면,,,미작성,,,
VC_TC_1733,VC_TC_1731,VOC 컨텐츠,FAQ-Web VOC FAQ,상세 화면,,,미작성,,,
VC_TC_1734,VC_TC_1732,VOC 컨텐츠,FAQ-Web VOC FAQ,상세 화면,,,미작성,,,
VC_TC_1735,VC_TC_1733,VOC 컨텐츠,FAQ-Web VOC FAQ,상세 화면,,,미작성,,,
VC_TC_1736,VC_TC_1734,VOC 컨텐츠,FAQ-Web VOC FAQ,상세 화면,,,미작성,,,
VC_TC_1737,VC_TC_1735,VOC 컨텐츠,FAQ-Web VOC FAQ,상세 화면,,,미작성,,,
VC_TC_1738,VC_TC_1736,VOC 컨텐츠,FAQ-Web VOC FAQ,상세 화면,,,미작성,,,
VC_TC_1739,VC_TC_1737,VOC 컨텐츠,FAQ-Web VOC FAQ,상세 화면,,,미작성,,,
VC_TC_1740,VC_TC_1738,VOC 컨텐츠,FAQ-Web VOC FAQ,상세 화면,,,미작성,,,
VC_TC_1741,VC_TC_1739,VOC 컨텐츠,FAQ-Web VOC FAQ,상세 화면,,,미작성,,,
VC_TC_1742,VC_TC_1740,VOC 컨텐츠,FAQ-Web VOC FAQ,상세 화면,,,미작성,,,
VC_TC_1743,VC_TC_1741,VOC 컨텐츠,FAQ-Web VOC FAQ,상세 화면,,,미작성,,,
VC_TC_1744,VC_TC_1742,VOC 컨텐츠,FAQ-Web VOC FAQ,상세 화면,,,미작성,,,
VC_TC_1745,VC_TC_1743,VOC 컨텐츠,FAQ-Web VOC FAQ,상세 화면,,,미작성,,,
VC_TC_1746,VC_TC_1744,VOC 컨텐츠,FAQ-Web VOC FAQ,상세 화면,,,미작성,,,
VC_TC_1747,VC_TC_1745,VOC 컨텐츠,FAQ-Web VOC FAQ,상세 화면,,,미작성,,,
VC_TC_1748,VC_TC_1746,VOC 컨텐츠,FAQ-Web VOC FAQ,상세 화면,,,미작성,,,
VC_TC_1749,VC_TC_1747,VOC 컨텐츠,FAQ-Web VOC FAQ,상세 화면,,,미작성,,,
VC_TC_1750,VC_TC_1748,VOC 컨텐츠,FAQ-Web VOC FAQ,검색 결과,,,미작성,,,
VC_TC_1751,VC_TC_1749,VOC 컨텐츠,FAQ-Web VOC FAQ,검색 결과,,,미작성,,,
VC_TC_1752,VC_TC_1750,VOC 컨텐츠,FAQ-Web VOC FAQ,검색 결과,,,미작성,,,
VC_TC_1753,VC_TC_1751,VOC 컨텐츠,FAQ-Web VOC FAQ,검색 결과,,,미작성,,,
VC_TC_1754,VC_TC_1752,VOC 컨텐츠,FAQ-Web VOC FAQ 베스트,,PASS,,미작성,,,
VC_TC_1755,VC_TC_1753,VOC 컨텐츠,FAQ-Web VOC FAQ 베스트,,PASS,,미작성,,,
VC_TC_1756,VC_TC_1754,VOC 컨텐츠,FAQ-Web VOC FAQ 베스트,추가,PASS,,미작성,,,
VC_TC_1757,VC_TC_1755,VOC 컨텐츠,FAQ-Web VOC FAQ 베스트,추가,PASS,,미작성,,,
VC_TC_1758,VC_TC_1756,VOC 컨텐츠,FAQ-Web VOC FAQ 베스트,추가,PASS,,미작성,,,
VC_TC_1759,VC_TC_1757,VOC 컨텐츠,FAQ-Web VOC FAQ 베스트,이동,PASS,,미작성,,,
VC_TC_1760,VC_TC_1758,VOC 컨텐츠,FAQ-Web VOC FAQ 베스트,이동,PASS,,미작성,,,
VC_TC_1761,VC_TC_1759,VOC 컨텐츠,FAQ-Web VOC FAQ 베스트,선택,PASS,,미작성,,,
VC_TC_1762,VC_TC_1760,VOC 컨텐츠,FAQ-Web VOC FAQ 베스트,선택,PASS,,미작성,,,
VC_TC_1763,VC_TC_1761,VOC 컨텐츠,FAQ-Web VOC FAQ 베스트,선택,PASS,,미작성,,,
VC_TC_1764,VC_TC_1762,VOC 컨텐츠,FAQ-Web VOC FAQ 베스트,선택,PASS,,미작성,,,
VC_TC_1765,VC_TC_1763,VOC 컨텐츠,FAQ-Web VOC FAQ 베스트,선택,PASS,,미작성,,,
VC_TC_1766,VC_TC_1764,VOC 컨텐츠,FAQ-Web VOC FAQ 베스트,선택,PASS,,미작성,,,
VC_TC_1767,VC_TC_1765,VOC 컨텐츠,FAQ-Web VOC FAQ 베스트,선택,PASS,,미작성,,,
VC_TC_1768,VC_TC_1766,VOC 컨텐츠,FAQ-Web VOC FAQ 베스트,선택,PASS,,미작성,,,
VC_TC_1769,VC_TC_1767,VOC 컨텐츠,FAQ-Web VOC FAQ 베스트,선택,PASS,,미작성,,,
VC_TC_1770,VC_TC_1768,VOC 컨텐츠,FAQ-Web VOC FAQ 베스트,선택,PASS,,미작성,,,
VC_TC_1771,VC_TC_1769,VOC 컨텐츠,FAQ-Web VOC FAQ 베스트,해제,PASS,,미작성,,,
VC_TC_1772,VC_TC_1770,VOC 컨텐츠,FAQ-Web VOC FAQ 베스트,해제,PASS,,미작성,,,
VC_TC_1773,VC_TC_1771,VOC 컨텐츠,FAQ-Web VOC FAQ 베스트,등록,PASS,,미작성,,,
VC_TC_1774,VC_TC_1772,VOC 컨텐츠,FAQ-Web VOC FAQ 베스트,등록,PASS,,미작성,,,
VC_TC_1775,VC_TC_1773,VOC 컨텐츠,FAQ-Web VOC FAQ 베스트,등록,,,미작성,,,
VC_TC_1776,VC_TC_1774,VOC 컨텐츠,FAQ-Web VOC FAQ 베스트,등록,PASS,,미작성,,,
VC_TC_1777,VC_TC_1775,VOC 컨텐츠,FAQ-Web VOC FAQ 베스트,등록,PASS,,미작성,,,
VC_TC_1778,VC_TC_1776,VOC 컨텐츠,FAQ-Web VOC FAQ 베스트,등록,PASS,,미작성,,,
VC_TC_1779,VC_TC_1777,VOC 컨텐츠,FAQ-Web VOC FAQ 베스트,등록,PASS,,미작성,,,
VC_TC_1780,VC_TC_1778,VOC 컨텐츠,FAQ-Web VOC FAQ 베스트,등록,PASS,,미작성,,,
VC_TC_1781,VC_TC_1779,시스템 관리,,,FAIL,Major,결함회귀,09_결함회귀_260916/05_컨텐츠_시스템관리.json,VC_TC_1781 [Major] 시스템 관리 > 기본관리 하위 메뉴 순서(휴무일관리 → 로그인 관리),
VC_TC_1782,VC_TC_1780,시스템 관리,기본관리,부서관리,PASS,,미작성,,,
VC_TC_1783,VC_TC_1781,시스템 관리,기본관리,부서관리,PASS,,미작성,,,
VC_TC_1784,VC_TC_1782,시스템 관리,기본관리,부서관리,PASS,,미작성,,,
VC_TC_1785,VC_TC_1783,시스템 관리,기본관리,부서관리,PASS,,미작성,,,
VC_TC_1786,VC_TC_1784,시스템 관리,기본관리,부서관리,PASS,,미작성,,,
VC_TC_1787,VC_TC_1785,시스템 관리,기본관리,매장 관리,PASS,,미작성,,,
VC_TC_1788,VC_TC_1786,시스템 관리,기본관리,매장 관리,PASS,,미작성,,,
VC_TC_1789,VC_TC_1787,시스템 관리,기본관리,매장 관리,PASS,,미작성,,,
VC_TC_1790,VC_TC_1788,시스템 관리,기본관리,매장 관리,PASS,,미작성,,,
VC_TC_1791,VC_TC_1789,시스템 관리,기본관리,매장 관리,PASS,,미작성,,,
VC_TC_1792,VC_TC_1790,시스템 관리,기본관리,매장 관리,PASS,,미작성,,,
VC_TC_1793,VC_TC_1791,시스템 관리,기본관리,매장 관리,PASS,,미작성,,,
VC_TC_1794,VC_TC_1792,시스템 관리,기본관리,매장 관리,,,미작성,,,
VC_TC_1795,VC_TC_1793,시스템 관리,기본관리,매장 관리,,,미작성,,,
VC_TC_1796,VC_TC_1794,시스템 관리,기본관리,매장 관리,,,미작성,,,
VC_TC_1797,VC_TC_1795,시스템 관리,기본관리,매장 관리,,,미작성,,,
VC_TC_1798,VC_TC_1796,시스템 관리,기본관리,매장 관리,PASS,,미작성,,,
VC_TC_1799,VC_TC_1797,시스템 관리,기본관리,매장 관리,PASS,,미작성,,,
VC_TC_1800,VC_TC_1798,시스템 관리,기본관리,매장 관리,PASS,,미작성,,,
VC_TC_1801,VC_TC_1799,시스템 관리,기본관리,매장 관리,PASS,,미작성,,,
VC_TC_1802,VC_TC_1800,시스템 관리,기본관리,매장 관리,PASS,,미작성,,,
VC_TC_1803,VC_TC_1801,시스템 관리,기본관리,매장 관리,,,미작성,,,
VC_TC_1804,VC_TC_1802,시스템 관리,기본관리,매장 관리,PASS,,미작성,,,
VC_TC_1805,VC_TC_1803,시스템 관리,기본관리,매장 관리,PASS,,미작성,,,
VC_TC_1806,VC_TC_1804,시스템 관리,기본관리,매장 관리,PASS,,미작성,,,
VC_TC_1807,VC_TC_1805,시스템 관리,기본관리,사용자 관리,PASS,,미작성,,,
VC_TC_1808,VC_TC_1806,시스템 관리,기본관리,사용자 관리,PASS,,미작성,,,
VC_TC_1809,VC_TC_1807,시스템 관리,기본관리,사용자 관리,PASS,,미작성,,,
VC_TC_1810,VC_TC_1808,시스템 관리,기본관리,사용자 관리,PASS,,미작성,,,
VC_TC_1811,VC_TC_1809,시스템 관리,기본관리,사용자 관리,PASS,,미작성,,,
VC_TC_1812,VC_TC_1810,시스템 관리,기본관리,사용자 관리,PASS,,미작성,,,
VC_TC_1813,VC_TC_1811,시스템 관리,기본관리,사용자 관리,PASS,,미작성,,,
VC_TC_1814,VC_TC_1812,시스템 관리,기본관리,사용자 관리,PASS,,미작성,,,
VC_TC_1815,VC_TC_1813,시스템 관리,기본관리,사용자 관리,PASS,,미작성,,,
VC_TC_1816,VC_TC_1814,시스템 관리,기본관리,권한 관리,PASS,,미작성,,,
VC_TC_1817,VC_TC_1815,시스템 관리,기본관리,권한 관리,PASS,,미작성,,,
VC_TC_1818,VC_TC_1816,시스템 관리,기본관리,권한 관리,PASS,,미작성,,,
VC_TC_1819,VC_TC_1817,시스템 관리,기본관리,권한 관리,PASS,,미작성,,,
VC_TC_1820,VC_TC_1818,시스템 관리,기본관리,권한 관리,PASS,,미작성,,,
VC_TC_1821,VC_TC_1819,시스템 관리,기본관리,권한 관리,PASS,,미작성,,,
VC_TC_1822,VC_TC_1820,시스템 관리,기본관리,권한 관리,PASS,,미작성,,,
VC_TC_1823,VC_TC_1821,시스템 관리,기본관리,권한 관리,PASS,,미작성,,,
VC_TC_1824,VC_TC_1822,시스템 관리,기본관리,권한 관리,PASS,,미작성,,,
VC_TC_1825,VC_TC_1823,시스템 관리,기본관리,권한 관리,PASS,,미작성,,,
VC_TC_1826,VC_TC_1824,시스템 관리,기본관리,권한 관리,PASS,,미작성,,,
VC_TC_1827,VC_TC_1825,시스템 관리,기본관리,권한 관리,PASS,,미작성,,,
VC_TC_1828,VC_TC_1826,시스템 관리,기본관리,권한 관리,PASS,,미작성,,,
VC_TC_1829,VC_TC_1827,시스템 관리,기본관리,권한 관리,PASS,,미작성,,,
VC_TC_1830,VC_TC_1828,시스템 관리,기본관리,권한 관리,PASS,,미작성,,,
VC_TC_1831,VC_TC_1829,시스템 관리,기본관리,권한 관리,PASS,,미작성,,,
VC_TC_1832,VC_TC_1830,시스템 관리,기본관리,권한 관리,PASS,,미작성,,,
VC_TC_1833,VC_TC_1831,시스템 관리,기본관리,권한 관리,PASS,,미작성,,,
VC_TC_1834,VC_TC_1832,시스템 관리,기본관리,권한 관리,PASS,,미작성,,,
VC_TC_1835,VC_TC_1833,시스템 관리,기본관리,권한 관리,,,미작성,,,
VC_TC_1836,VC_TC_1834,시스템 관리,기본관리,권한 관리,PASS,,미작성,,,
VC_TC_1837,VC_TC_1835,시스템 관리,기본관리,권한 관리,PASS,,미작성,,,
VC_TC_1838,VC_TC_1836,시스템 관리,기본관리,권한 관리,PASS,,미작성,,,
VC_TC_1839,VC_TC_1837,시스템 관리,기본관리,권한 관리,PASS,,미작성,,,
VC_TC_1840,VC_TC_1838,시스템 관리,기본관리,권한 관리,PASS,,미작성,,,
VC_TC_1841,VC_TC_1839,시스템 관리,기본관리,권한 관리,PASS,,미작성,,,
VC_TC_1842,VC_TC_1840,시스템 관리,기본관리,공통 코드 관리,PASS,,미작성,,,
VC_TC_1843,VC_TC_1841,시스템 관리,기본관리,공통 코드 관리,PASS,,미작성,,,
VC_TC_1844,VC_TC_1842,시스템 관리,기본관리,공통 코드 관리,PASS,,미작성,,,
VC_TC_1845,VC_TC_1843,시스템 관리,기본관리,공통 코드 관리,PASS,,미작성,,,
VC_TC_1846,VC_TC_1844,시스템 관리,기본관리,공통 코드 관리,PASS,,미작성,,,
VC_TC_1847,VC_TC_1845,시스템 관리,기본관리,공통 코드 관리,PASS,,미작성,,,
VC_TC_1848,VC_TC_1846,시스템 관리,기본관리,공통 코드 관리,PASS,,미작성,,,
VC_TC_1849,VC_TC_1847,시스템 관리,기본관리,공통 코드 관리,PASS,,미작성,,,
VC_TC_1850,VC_TC_1848,시스템 관리,기본관리,공통 코드 관리,PASS,,미작성,,,
VC_TC_1851,VC_TC_1849,시스템 관리,기본관리,공통 코드 관리,PASS,,미작성,,,
VC_TC_1852,VC_TC_1850,시스템 관리,기본관리,공통 코드 관리,PASS,,미작성,,,
VC_TC_1853,VC_TC_1851,시스템 관리,기본관리,공통 코드 관리,PASS,,미작성,,,
VC_TC_1854,VC_TC_1852,시스템 관리,기본관리,공통 코드 관리,PASS,,미작성,,,
VC_TC_1855,VC_TC_1853,시스템 관리,기본관리,공통 코드 관리,PASS,,미작성,,,
VC_TC_1856,VC_TC_1854,시스템 관리,기본관리,공통 코드 관리,PASS,,미작성,,,
VC_TC_1857,VC_TC_1855,시스템 관리,기본관리,공통 코드 관리,PASS,,미작성,,,
VC_TC_1858,VC_TC_1856,시스템 관리,기본관리,공통 코드 관리,PASS,,미작성,,,
VC_TC_1859,VC_TC_1857,시스템 관리,기본관리,공통 코드 관리,PASS,,미작성,,,
VC_TC_1860,VC_TC_1858,시스템 관리,기본관리,공통 코드 관리,PASS,,미작성,,,
VC_TC_1861,,시스템 관리,기본관리,공통 코드 관리,PASS,,미작성,,,260916 신규 추가 TC(시나리오.md 에 없음).
VC_TC_1862,VC_TC_1859,시스템 관리,기본관리,공통 코드 관리,PASS,,미작성,,,
VC_TC_1863,VC_TC_1860,시스템 관리,기본관리,공통 코드 관리,PASS,,미작성,,,
VC_TC_1864,VC_TC_1861,시스템 관리,기본관리,공통 코드 관리,PASS,,미작성,,,
VC_TC_1865,VC_TC_1862,시스템 관리,기본관리,공통 코드 관리,PASS,,미작성,,,
VC_TC_1866,VC_TC_1863,시스템 관리,기본관리,VOC 메일관리,PASS,,미작성,,,
VC_TC_1867,VC_TC_1864,시스템 관리,기본관리,VOC 메일관리,PASS,,미작성,,,
VC_TC_1868,VC_TC_1865,시스템 관리,기본관리,VOC 메일관리,PASS,,미작성,,,
VC_TC_1869,VC_TC_1866,시스템 관리,기본관리,VOC 메일관리,PASS,,미작성,,,
VC_TC_1870,VC_TC_1867,시스템 관리,기본관리,VOC 메일관리,PASS,,미작성,,,
VC_TC_1871,VC_TC_1868,시스템 관리,기본관리,VOC 메일관리,PASS,,미작성,,,
VC_TC_1872,VC_TC_1869,시스템 관리,기본관리,VOC 메일관리,PASS,,미작성,,,
VC_TC_1873,VC_TC_1870,시스템 관리,기본관리,휴무일관리,PASS,,미작성,,,
VC_TC_1874,VC_TC_1871,시스템 관리,기본관리,휴무일관리,PASS,,미작성,,,
VC_TC_1875,VC_TC_1872,시스템 관리,기본관리,휴무일관리,PASS,,미작성,,,
VC_TC_1876,VC_TC_1873,시스템 관리,기본관리,휴무일관리,PASS,,미작성,,,
VC_TC_1877,VC_TC_1874,시스템 관리,기본관리,휴무일관리,PASS,,미작성,,,
VC_TC_1878,VC_TC_1875,시스템 관리,기본관리,휴무일관리,PASS,,미작성,,,
VC_TC_1879,VC_TC_1876,시스템 관리,기본관리,휴무일관리,PASS,,미작성,,,
VC_TC_1880,VC_TC_1877,시스템 관리,기본관리,휴무일관리,PASS,,미작성,,,
VC_TC_1881,VC_TC_1878,시스템 관리,기본관리,휴무일관리,PASS,,미작성,,,
VC_TC_1882,VC_TC_1879,시스템 관리,기본관리,휴무일관리,PASS,,미작성,,,
VC_TC_1883,VC_TC_1880,시스템 관리,기본관리,휴무일관리,PASS,,미작성,,,
VC_TC_1884,VC_TC_1881,시스템 관리,기본관리,휴무일관리,PASS,,미작성,,,
VC_TC_1885,VC_TC_1882,시스템 관리,기본관리,휴무일관리,PASS,,미작성,,,
VC_TC_1886,VC_TC_1883,시스템 관리,기본관리,로그인 관리,PASS,,미작성,,,
VC_TC_1887,VC_TC_1884,시스템 관리,기본관리,로그인 관리,PASS,,미작성,,,
VC_TC_1888,VC_TC_1885,시스템 관리,기본관리,로그인 관리,PASS,,미작성,,,
VC_TC_1889,VC_TC_1886,시스템 관리,기본관리,로그인 관리,PASS,,미작성,,,
VC_TC_1890,VC_TC_1887,시스템 관리,기본관리,로그인 관리,,,미작성,,,
VC_TC_1891,VC_TC_1888,시스템 관리,로그관리,사용자접속로그,FAIL,Major,결함회귀,09_결함회귀_260916/05_컨텐츠_시스템관리.json,VC_TC_1891 [Major] 사용자접속로그 진입 시 기본 목록 표시(빈 화면 아님),
VC_TC_1892,VC_TC_1889,시스템 관리,로그관리,사용자접속로그,PASS,,미작성,,,
VC_TC_1893,VC_TC_1890,시스템 관리,로그관리,사용자접속로그,PASS,,미작성,,,
VC_TC_1894,VC_TC_1891,시스템 관리,로그관리,사용자접속로그,PASS,,미작성,,,
VC_TC_1895,VC_TC_1892,시스템 관리,로그관리,사용자접속로그,PASS,,미작성,,,
VC_TC_1896,VC_TC_1893,시스템 관리,로그관리,프로그램사용로그,PASS,,미작성,,,
VC_TC_1897,VC_TC_1894,시스템 관리,로그관리,프로그램사용로그,PASS,,미작성,,,
VC_TC_1898,VC_TC_1895,시스템 관리,로그관리,프로그램사용로그,PASS,,미작성,,,
VC_TC_1899,VC_TC_1896,시스템 관리,로그관리,프로그램사용로그,PASS,,미작성,,,
VC_TC_1900,VC_TC_1897,시스템 관리,로그관리,권한변경로그,PASS,,미작성,,,
VC_TC_1901,VC_TC_1898,시스템 관리,로그관리,권한변경로그,PASS,,미작성,,,
VC_TC_1902,VC_TC_1899,시스템 관리,로그관리,권한변경로그,PASS,,미작성,,,
VC_TC_1903,VC_TC_1900,시스템 관리,로그관리,배치실행로그,PASS,,미작성,,,
VC_TC_1904,VC_TC_1901,시스템 관리,로그관리,배치실행로그,PASS,,미작성,,,
VC_TC_1905,VC_TC_1902,시스템 관리,로그관리,배치실행로그,PASS,,미작성,,,
VC_TC_1906,VC_TC_1903,시스템 관리,로그관리,통보실행로그,PASS,,미작성,,,
VC_TC_1907,VC_TC_1904,시스템 관리,로그관리,통보실행로그,PASS,,미작성,,,
VC_TC_1908,VC_TC_1905,시스템 관리,로그관리,통보실행로그,PASS,,미작성,,,
VC_TC_1909,VC_TC_1906,시스템 관리,로그관리,통보실행로그,PASS,,미작성,,,
VC_TC_1910,VC_TC_1907,시스템 관리,로그관리,통보실행로그,PASS,,미작성,,,
VC_TC_1911,VC_TC_1908,시스템 관리,로그관리,개인정보조회로그,FAIL,Minor,결함회귀,09_결함회귀_260916/05_컨텐츠_시스템관리.json,VC_TC_1911 [Minor] 개인정보조회로그 진입 시 기본 목록 표시(빈 화면 아님),
VC_TC_1912,VC_TC_1909,시스템 관리,로그관리,개인정보조회로그,PASS,,미작성,,,
VC_TC_1913,VC_TC_1910,시스템 관리,로그관리,개인정보조회로그,PASS,,미작성,,,
VC_TC_1914,VC_TC_1911,시스템 관리,로그관리,개인정보조회로그,PASS,,미작성,,,
VC_TC_1915,VC_TC_1912,시스템 관리,로그관리,개인정보조회로그,PASS,,미작성,,,
VC_TC_1916,VC_TC_1913,시스템 관리,로그관리,개인정보조회로그,PASS,,미작성,,,
VC_TC_1917,VC_TC_1914,시스템 관리,로그관리,개인정보조회로그,,,미작성,,,
VC_TC_1918,VC_TC_1915,시스템 관리,로그관리,개인정보조회로그,,,미작성,,,
VC_TC_1919,VC_TC_1916,시스템 관리,로그관리,개인정보조회로그,PASS,,미작성,,,
VC_TC_1920,VC_TC_1917,시스템 관리,로그관리,개인정보조회로그,PASS,,미작성,,,
VC_TC_1921,VC_TC_1918,시스템 관리,로그관리,개인정보조회로그,FAIL,Major,결함회귀,09_결함회귀_260916/05_컨텐츠_시스템관리.json,VC_TC_1921 [Major] 개인정보조회로그 조회자 파트너검색 팝업 확인 → 조회자 입력 반영,
VC_TC_1922,VC_TC_1919,시스템 관리,로그관리,개인정보조회로그,,,미작성,,,
VC_TC_1923,VC_TC_1920,시스템 관리,배치관리,,PASS,,미작성,,,
VC_TC_1924,VC_TC_1921,시스템 관리,배치관리,,PASS,,미작성,,,
VC_TC_1925,VC_TC_1922,시스템 관리,배치관리,,PASS,,미작성,,,
VC_TC_1926,VC_TC_1923,시스템 관리,배치관리,,PASS,,미작성,,,
VC_TC_1927,VC_TC_1924,시스템 관리,배치관리,,PASS,,미작성,,,
VC_TC_1928,VC_TC_1925,시스템 관리,배치관리,,,,미작성,,,
VC_TC_1929,VC_TC_1926,시스템 관리,배치관리,,PASS,,미작성,,,
VC_TC_1930,VC_TC_1927,시스템 관리,배치관리,,PASS,,미작성,,,
VC_TC_1931,VC_TC_1928,시스템 관리,배치관리,,PASS,,미작성,,,
VC_TC_1932,VC_TC_1929,시스템 관리,배치관리,,PASS,,미작성,,,
VC_TC_1933,VC_TC_1930,시스템 관리,배치관리,,PASS,,미작성,,,
VC_TC_1934,VC_TC_1931,시스템 관리,배치관리,,PASS,,미작성,,,
VC_TC_1935,VC_TC_1932,시스템 관리,배치관리,,PASS,,미작성,,,
VC_TC_1936,VC_TC_1933,시스템 관리,템플릿 관리,,PASS,,미작성,,,
VC_TC_1937,VC_TC_1934,시스템 관리,템플릿 관리,,PASS,,미작성,,,
VC_TC_1938,VC_TC_1935,시스템 관리,템플릿 관리,,PASS,,미작성,,,
VC_TC_1939,VC_TC_1936,시스템 관리,템플릿 관리,,PASS,,미작성,,,
VC_TC_1940,VC_TC_1937,시스템 관리,템플릿 관리,,PASS,,미작성,,,
VC_TC_1941,VC_TC_1938,시스템 관리,템플릿 관리,,PASS,,미작성,,,
VC_TC_1942,VC_TC_1939,시스템 관리,템플릿 관리,,PASS,,미작성,,,
VC_TC_1943,VC_TC_1940,시스템 관리,템플릿 관리,,PASS,,미작성,,,
VC_TC_1944,VC_TC_1941,시스템 관리,템플릿 관리,,PASS,,미작성,,,
VC_TC_1945,VC_TC_1942,시스템 관리,템플릿 관리,,PASS,,미작성,,,
VC_TC_1946,VC_TC_1943,시스템 관리,템플릿 관리,,PASS,,미작성,,,
VC_TC_1947,VC_TC_1944,시스템 관리,템플릿 관리,,PASS,,미작성,,,
VC_TC_1948,VC_TC_1945,시스템 관리,메세지룰관리,,PASS,,미작성,,,
VC_TC_1949,VC_TC_1946,시스템 관리,메세지룰관리,,PASS,,미작성,,,
VC_TC_1950,VC_TC_1947,시스템 관리,메세지룰관리,,PASS,,미작성,,,
VC_TC_1951,VC_TC_1948,시스템 관리,메세지룰관리,,PASS,,미작성,,,
VC_TC_1952,VC_TC_1949,시스템 관리,메세지룰관리,,PASS,,미작성,,,
VC_TC_1953,VC_TC_1950,시스템 관리,메세지룰관리,,PASS,,미작성,,,
VC_TC_1954,VC_TC_1951,시스템 관리,메세지룰관리,,PASS,,미작성,,,
VC_TC_1955,VC_TC_1952,시스템 관리,메세지룰관리,,PASS,,미작성,,,
VC_TC_1956,VC_TC_1953,시스템 관리,메세지룰관리,,PASS,,미작성,,,
VC_TC_1957,VC_TC_1954,시스템 관리,메세지룰관리,,PASS,,미작성,,,
VC_TC_1958,VC_TC_1955,시스템 관리,메세지룰관리,,PASS,,미작성,,,
VC_TC_1959,VC_TC_1956,시스템 관리,메세지룰관리,,PASS,,미작성,,,
VC_TC_1960,VC_TC_1957,시스템 관리,프로그램관리(APMD),메뉴 관리,PASS,,미작성,,,
VC_TC_1961,VC_TC_1958,시스템 관리,프로그램관리(APMD),메뉴 관리,PASS,,미작성,,,
VC_TC_1962,VC_TC_1959,시스템 관리,프로그램관리(APMD),메뉴 관리,PASS,,미작성,,,
VC_TC_1963,VC_TC_1960,시스템 관리,프로그램관리(APMD),메뉴 관리,PASS,,미작성,,,
VC_TC_1964,VC_TC_1961,시스템 관리,프로그램관리(APMD),메뉴 관리,PASS,,미작성,,,
VC_TC_1965,VC_TC_1962,시스템 관리,프로그램관리(APMD),메뉴 관리,PASS,,미작성,,,
VC_TC_1966,VC_TC_1963,시스템 관리,프로그램관리(APMD),메뉴 관리,PASS,,미작성,,,
VC_TC_1967,VC_TC_1964,시스템 관리,프로그램관리(APMD),메뉴 관리,PASS,,미작성,,,
VC_TC_1968,VC_TC_1965,시스템 관리,프로그램관리(APMD),메뉴 관리,PASS,,미작성,,,
VC_TC_1969,VC_TC_1966,시스템 관리,프로그램관리(APMD),메뉴 관리,PASS,,미작성,,,
VC_TC_1970,VC_TC_1967,시스템 관리,프로그램관리(APMD),메뉴 관리,PASS,,미작성,,,
VC_TC_1971,VC_TC_1968,시스템 관리,프로그램관리(APMD),메뉴 관리,PASS,,미작성,,,
VC_TC_1972,VC_TC_1969,시스템 관리,프로그램관리(APMD),메뉴 관리,PASS,,미작성,,,
VC_TC_1973,VC_TC_1970,시스템 관리,프로그램관리(APMD),프로그램 권한 관리(XML),PASS,,미작성,,,
VC_TC_1974,VC_TC_1971,시스템 관리,프로그램관리(APMD),프로그램 권한 관리(XML),PASS,,미작성,,,
VC_TC_1975,VC_TC_1972,시스템 관리,프로그램관리(APMD),프로그램 권한 관리(XML),PASS,,미작성,,,
VC_TC_1976,VC_TC_1973,시스템 관리,프로그램관리(APMD),프로그램 권한 관리(XML),PASS,,미작성,,,
VC_TC_1977,VC_TC_1974,시스템 관리,프로그램관리(APMD),프로그램 권한 관리(XML),PASS,,미작성,,,
VC_TC_1978,VC_TC_1975,시스템 관리,프로그램관리(APMD),프로그램 권한 관리(XML),PASS,,미작성,,,
VC_TC_1979,VC_TC_1976,시스템 관리,프로그램관리(APMD),프로그램 권한 관리(XML),PASS,,미작성,,,
VC_TC_1980,VC_TC_1977,시스템 관리,프로그램관리(APMD),프로그램 권한 관리(XML),PASS,,미작성,,,
VC_TC_1981,VC_TC_1978,시스템 관리,프로그램관리(APMD),프로그램 권한 관리(XML),PASS,,미작성,,,
VC_TC_1982,VC_TC_1979,시스템 관리,프로그램관리(APMD),IP 관리,PASS,,미작성,,,
VC_TC_1983,VC_TC_1980,시스템 관리,프로그램관리(APMD),IP 관리,PASS,,미작성,,,
VC_TC_1984,VC_TC_1981,시스템 관리,프로그램관리(APMD),IP 관리,PASS,,미작성,,,
VC_TC_1985,VC_TC_1982,시스템 관리,프로그램관리(APMD),IP 관리,PASS,,미작성,,,
VC_TC_1986,VC_TC_1983,시스템 관리,프로그램관리(APMD),IP 관리,FAIL,Major,결함회귀,09_결함회귀_260916/05_컨텐츠_시스템관리.json,VC_TC_1986 [Major] IP 관리 직원 더블클릭 → IP정보 영역에 행 추가,
VC_TC_1987,VC_TC_1984,시스템 관리,프로그램관리(APMD),IP 관리,,,미작성,,,
VC_TC_1988,VC_TC_1985,시스템 관리,프로그램관리(APMD),IP 관리,,,미작성,,,
VC_TC_1989,VC_TC_1986,시스템 관리,프로그램관리(APMD),IP 관리,,,미작성,,,
